,premise
0,PASAR BESAR IPOH
1,JUSCO AYER KEROH
2,KEDAI RUNCIT TAFAZ MAJU PRESINT 9
3,KEDAI RUNCIT SYAZ MAJU PRESINT 9
4,PASAR MINI D'MART PRESINT 8
5,PASAR MINI KARIM
6,PASARAYA K-CERIA (KANGAR) SDN. BHD
7,TAMPIN SHOPPING CENTRE
8,THE STORE ( PUDU PLAZA )
9,HUDA GROCER
10,RESTORAN SAPPHIRE INTAN
11,KEDAI MAKANAN DAN MINUMAN HORIZON
12,GIANT NILAI
13,LOTUS'S CHERAS
14,RESTORAN AS-SALAM
15,GIANT SUPERMARKET KELANA JAYA
16,KEE CHAI RESTORAN
17,KEDAI MKN INDIA MUSLIM-M.SHALMA BEEVI
18,PASAR BASAH TUARAN
19,FAMILY STORE RASAH JAYA
20,KEDAI MKN MELAYU-RESTORAN ANJUNG SELERA
21,MEDAN SELERA AEON SEREMBAN 2
22,TESCO SEREMBAN 2
23,KEDAI MKN CINA-RESTORAN MELIDO
24,RESTORAN ALI BIDAYAH
25,PASAR AWAM TAIPING.
26,KEDAI RUNCIT INANG PRESINT 14
27,FOOD COURT ALAMANDA (RASA) PRESINT 16
28,RESTORAN DARUSSALAM PRESINT 9
29,TESCO SEKSYEN 13
30,PASAR BASAH KUALA PERLIS
31,LAYANGAN SHOPPER
32,ISHAH BINTONG ENTERPRISE
33,TESCO KOTA BHARU
34,PASAR BESAR ALOR STAR
35,PASAR UTAMA BINTULU
36,PASAR BASAH TAMPARULI
37,HAP HUAT SUPERSTORE
38,PASARAYA ECONJAYA KUALA KRAI
39,PASAR BASAH BAU
40,ENG HUP LEONG
41,BESERI MINI MARKET
42,AEON BIG ALAMANDA
43,PASARAYA PKT PASIR TUMBOH
44,COLD STORAGE ALAMANDA
45,BILLION KOTA SERI MUTIARA
46,PASARAYA SALAMKU (PASIR PEKAN) S/B
47,PASAR JALAN KLANG LAMA
48,AEON BIG ( WANGSA MAJU )
49,PASAR TANJUNG RAMBUTAN
50,PASAR GOPENG
51,PASAR BATU GAJAH
52,AEON BIG ( MID VALLEY )
53,PASARAYA ECONJAYA (GM) SDN. BHD.
54,PASARAYA ECONJAYA PASIR PUTEH
55,PASARAYA PANTAI TIMUR (BACHOK) SDN. BHD
56,MERCATO ( SUNWAY PUTRA MALL )
57,KEDAI MAKAN DOLLAH DAN KELUARGA
58,PASARAYA ONG TAI KIM ( SENTUL )
59,PASAR BESAR TANAH MERAH
60,KEDAI RUNCIT KHALIJAH
61,PASAR BASAH AGRO SANTAN SEGAR
62,PASAR SEGAR PELADANG
63,EH NGIN A/L EH KAN
64,RAHIM MINI MARKET
65,KEDAI RUNCIT YUSOF
66,PASARAYA PANTAI TIMUR
67,RESTORAN KAK SITI
68,PASAR AWAM PONTIAN
69,PASARAYA TUNAS MANJA
70,ECONSAVE CASH & CARRY PONTIAN
71,PASAR AWAM PEKAN NANAS
72,LOTUS`S SERI ALAM
73,MD SAMRY CAFE
74,RESTORAN RUSLI
75,SYARIKAT PERNIAGAAN MESRA
76,PASAR AWAM KOTA TINGGI
77,PASAR SITI HAJAR PASIR PUTEH
78,PASAR MINI KS CHU
79,PASARAYA KIP MART MASAI
80,AZALANNI BIN SENIN
81,RESTORAN ALONG TOMYAM
82,KEDAI RUNCIT KHANG
83,PASARAYA G-MART
84,PASAR SENTRAL LABUAN
85,SYARIKAT PERNIAGAAN BEEGAR
86,FAMILY STORE SIKAMAT
87,RESTORAN PAYE CORNER
88,FAIRUZ TOMYAM SEAFOOD
89,PANTAI TIMUR SHOPPING CENTRE (RANTAU) SDN. BHD
90,LUCKY RESTORAN
91,KOK MAJID MINI MARKET
92,KEDAI KAKI BUKIT MARAK
93,RESTORAN N.B.M ENTERPRISE
94,PERNIAGAAN AZ AKBAR
95,MAZ JAYA ENTERPRISE
96,PANJI REZEKI ENTERPRISE
97,KEDAI KOPI SOON LEONG
98,FOOD COURT FINANCIAL PARK
99,RESTORAN NAFAS
100,RESTORAN BUDIMAN 1
101,SELERA TEPI SUNGAI
102,KEDAI RUNCIT VG SHOP
103,PANTAI TIMUR PINTU PONG
104,RESTORAN SELESA
105,PANTAI TIMUR HYPERMARKET
106,PACIFIC HYPERMARKET & DEPARTMENT STORE SDN BHD
107,WEE KIM GAN & SON
108,PASAR MINI SYARIKAT ALAMI
109,H&L SIBURAN
110,EVERRISE DEPARTMENTAL STORE SDN. BHD. (4TH MILE)
111,PASAR CHABANG EMPAT
112,PASAR BESAR WAKAF BHARU
113,KEDAI RUNCIT RAZALI AWANG
114,MAN PERMAI ENTERPRISE
115,KEDAI RUNCIT AZAMAN
116,KEDAI KUIH MEK YOK
117,COMFORT MINI MARKET
118,KEDAI RUNCIT AKIF
119,KEDAI RUNCIT CHUA HOCK PIAW
120,SERVAY JAYA SUPERMARKET
121,SABINDO SUPERMARKET TAMBUNAN
122,FUNG MEI NYEN RESTAURANT
123,GIANT HYPERMARKET PLENTONG
124,JANNAD CURRY HOUSE
125,BESTAMART (TENOM)
126,KEDAI KOPI MAS JAYA
127,BESMI CURRY HOUSE
128,"RESTORAN RASA SAYANG, TENOM"
129,SAMA MAJU TRADING
130,CHI HIN RESTAURANT(MAKANAN CINA)
131,"RESTORAN FATIMAH, TENOM"
132,CHOP JIT SENG
133,MELANG KOPITIAM
134,A. ABDUL HAMEED RESTORAN
135,UPWELL BAHAU
136,ECONSAVE CASH & CARRY (BH) SDN BHD. BAHAU
137,RESTORAN HIJJAS
138,MILLION MINI MARKET
139,RESTORAN CENDOL NOGORI
140,PASAR AWAM GEMAS
141,REZEKI HANI
142,GEMAS CURRY POINT
143,PASARAYA ECONSAVE MUAR
144,PASAR AWAM PAGOH
145,RESTORAN TAN NYEK PENG
146,PASAR AWAM BATU PAHAT
147,PASAR MINI K.KUMARAN
148,LIAN YII MARKETING SDN.BHD.
149,REST SRI SIKUATI
150,TAI FONG MARKETING
151,PASAR AWAM (KUALA KANGSAR)
152,PASAR AWAM (PADANG RENGAS)
153,PASAR AWAM (PELADANG)
154,RESTORAN MING JI
155,PASAR AWAM MASAI
156,MASLEE WHOLESALE C & C (PONTIAN) S/B
157,PASARAYA WELLWARD SDN BHD
158,ONE SIX EIGHT RESTAURANT
159,PASARAYA HYPERMARKET AEON BIG
160,PASARAYA THE STORE (CAWANGAN JALAN RUGAYAH
161,MEDAN SELERA PACIFIC
162,TF VALUE MART (TG MALIM)
163,PASAR AWAM TAPAH
164,PASAR  AWAM SEGAMAT
165,PASARAYA NIRWANA TAMAN YAYASAN
166,PASARAYA ECONSAVE SEGAMAT
167,PASAR AWAM LABIS
168,L&B MINI MARKET
169,PASAR MINI JOO HUAT
170,PASARAYA EKONOMI SCH
171,KOPITIAM UKIR MALL
172,HO HUAT MINI MARKET
173,ENG HENG BEE
174,MINI MARKET MOHAMAD SHAH ISA
175,PASAR BASAH SIMPANG EMPAT (ALOR SETAR)
176,TUNAS MANJA ROMPIN SDN.BHD.
177,PASARAYA PENDANG
178,PASARAYA ECONSAVE CASH & CARRY SDN BHD
179,PASAR BASAH KUALA KEDAH
180,EXCELL THREE SUPER CENTRE
181,PASAR MINI DAN KEDAI UBAT PO AI
182,PASAR BASAH POKOK SENA
183,AL-HADAD
184,TOM YAM WARISAN SELERA RASA
185,RESTORAN THAIBAH
186,RESTORAN PERDANA IMPIAN
187,PASAR AWAM GERIK
188,PASAR AWAM LENGGONG
189,PASAR AWAM PENGKALAN HULU
190,PASAR BASAH PENDANG
191,PASAR BASAH TANAH MERAH
192,HOCK HUP HIN
193,SHAMLI BISTRO
194,RESTORAN DFH BALDWIN
195,RESTORAN NANG HING
196,RESTORAN MAAHI NOORA
197,ECONSAVE PARIT BUNTAR
198,TUNAS MANJA SUPERMARKET (TG. GEMOK) SDN. BHD.
199,BILLION PARIT BUNTAR
200,PASAR AWAM BAGAN SERAI
201,PASAR MINI KUALA KURAU
202,CHOP LEONG KEE
203,PASAR AWAM PARIT BUNTAR
204,SING SING SHOPPING CENTRE CO.
205,KIONG SENG GENERAL STORE
206,BORNEO & CO.
207,SJG CONVENIENCE MART SDN. BHD
208,CHOP SING HUNG
209,PASAR BASAH KAPIT (MARKET TERESANG)
210,CCK FRESHMART SDN. BHD
211,WONG HUANG YONG
212,SYKT SIANG TRD CO.
213,SIN HOCK CHAI SDN BHD
214,CHOP GOOD-NESS
215,CHOP LING HAP SING
216,SOON GEE HUAT
217,PASAR AWAM BANDAR TENGGARA
218,"OREN SUPERSTORE, BDR TENGGARA"
219,PASAR MINI HIN SENG
220,HENTIAN TENGGARA
221,RESTORAN EMPAYAR BIRIN
222,RESTORAN ZUBEDAH CORNER
223,PASARAYA BILLION
224,PASAR MINI CHO CHIN
225,LIM KIM LI
226,PASARAYA ECONJAYA (KOK LANAS)
227,NIK MANSOR
228,YZ NIAGA.
229,TASNIM TRADING
230,NIK JAYA TRADING K.R
231,ZANITA MOHD NOOR
232,AMIDI ENTERPRISE
233,AZW JAYA ENTERPRISE
234,MAS MANIS JAKAR
235,GERAI MAKAN ROHAIZAN
236,PASAR MINI BUDI
237,RESTORAN TANJUNG 3
238,PASAR BASAH KETEREH
239,WARISAN KHATIJAH MINI MARKET
240,FAMILY STORE (MASJID TANAH)
241,NORDIN SATAY
242,PASAR SEGAR LABOK
243,KEDAI TUKAR NORAINI ISMAIL
244,KEDAI RUNCIT KUSIAH (ROZIE)
245,WK MINI MARKET
246,SURIANI BINTI IBRAHIM
247,PASAR BESAR PULAI CHONDONG
248,WANESA MINI MARKET
249,SRI GADING MINI MARKET
250,MBH JAYA ENTERPRISE
251,NOOR'AINI MAMAT
252,GZ OPTION ENTERPRISE
253,WARUNG KURNIA IBU
254,KEDAI MAKAN IBRAHIM
255,PASAR BESAR GUA MUSANG
256,KEDAI RUNCIT RUSIAH
257,JASA CKF ENTERPRISE
258,SYARIKAT PERNIAGAAN MESRA (SPM)
259,PASAR BASAH PENGKALAN CHEPA
260,HOME-U SDN BHD
261,LYNIE JAYA ENTERPRISE
262,SUKARAMAI RESTORAN
263,PASAR AWAM TELUK INTAN
264,PASAR AWAM LANGKAP
265,THE STORE TELUK INTAN
266,KUDAT CURRY HOUSE
267,KEDAI RUNCIT KOOI
268,PASAR MINI OMIYA
269,PERNIAGAAN WENG-LEE
270,PASAR BASAH BINTANGOR
271,ISA KEDAI RUNCIT
272,LOTUSS STORE TAIPING
273,KEDAI YONG
274,WELCOME MINI MARKET
275,WAN SURIATI
276,DINMA TRADING
277,LEAN ENG TRADING
278,THE STORE KAMUNTING
279,MANAK ENTERPRISE
280,CHOP WONG POH LEONG
281,PASAR MINI SIN WAI HUAT SDN BHD
282,PASARAYA THE STORE (MALAYSIA)
283,PASARAYA EKONOMI A-WANG
284,YONHIN (PS) SDN BHD
285,PASARAYA AMBAR SEJATI
286,PASARAYA AMS MUTIARA
287,PASAR AWAM BATU KURAU
288,PASAR BESAR ARAU
289,MAHZAN BIN ROMLAN
290,BAYU RINDU ENTERPRISE
291,PASAR AWAM MATANG
292,PASAR BASAH AWAM SENA
293,RESTORAN DE CHINTA AYU ENTERPRISE (JULIANA)
294,RESTORAN ABDUL ALIM
295,YI ANN TRADING
296,PASAR BESAR SIMPANG EMPAT
297,PASAR MINI RAR
298,PERNIAGAAN SIM KHEONG
299,GIAP HONG CHAN TRADING
300,SUPER G- MART MINI MARKET
301,PASAR UMUM BANDAR SANDAKAN
302,KEDAI MAKANAN & MINUMAN LEONG
303,RESTORAN TOK MEK
304,PASAR AWAM (SG SIPUT)
305,"PASAR SUNGAI RAJANG, SARIKEI"
306,SYARIKAT SABANAH
307,SINGGAH E-RUP SUP
308,RESTORAN SIANG-SIANG PANMIAN
309,RESTORAN ZAKARIA
310,MARKET MAJLIS DAERAH SARATOK
311,RESTORAN KAK NAB SATAY
312,GUI BROTHERS
313,GHULAM SUPERSTORE
314,RESTORAN OMAK DEN
315,MEDAN SELERA PERHENTIAN BAS MASJID TANAH
316,TOH CHUAN SOON
317,LIM GUAN HUAT
318,PASAR BESAR SUNGAI ARA
319,PASAR JELUTONG
320,PASAR FETTES PARK
321,SUNSHINE SQUARE
322,KOMPLEKS PASAR BESAR BAYAN BARU
323,FONG KEE RESTAURANT
324,FATIMAH BT SABOR
325,GIANT HYPERMARKET BAYAN BARU
326,ROHANI BINTI KHAMIS
327,PASAR AWAM ROMPIN
328,KOMPLEKS AWAM BALIK PULAU
329,PASAR AWAM JOHOL
330,GIANT HYPERMARKET TAMPOI
331,TESCO EXTRA SUNGAI DUA
332,KEDAI RUNCIT HALIL STORE
333,PASAR AWAM LARKIN
334,PASAR TAMAN LIP SIN
335,SRI INDAH MINI MARKET
336,FOOD COURT GIANT HYPERMARKET
337,PELITA SAMUDERA JALAN TENGAH
338,SERVAY HYPERMARKET BANDAR
339,TAMAN TUN SARDON
340,MDJ ABDUL NAZAR KEDAI RUNCIT
341,GIANT HYPERMARKET LEISURE MALL
342,PASAR CHOWRASTA
343,MEDAN SELERA NEWSTAR
344,MS MART
345,KEDAI KOPI BEE SAN
346,KHALEEL TELUK BAHANG
347,PASAR PULAU TIKUS
348,GERAI MAKAN & MINUM Y&H
349,ABDUL RAZAK BIN RAMLI
350,LOTUSS STORE KAMPAR
351,PASAR TELUK BAHANG
352,PASAR MINI ZAZA
353,PASAR MINI MAE
354,BANDAR BARU PULAU TIKUS
355,PASAR JALAN PATANI
356,MILIMEWA SUPERSTORE (KUDAT)
357,TAI AH RESTAURANT
358,UPWELL SUPERSTORE (MATANG)
359,A. AZEEZ CAFE
360,MEDAN NIAGA SATOK
361,KEDAI RUNCIT CHUAN HUAT
362,MING MING (BAU)
363,MERCATO GURNEY PLAZA
364,KAMAL RESTAURANT
365,ALIEF MAJU SDN. BHD. (CHIKU 3)
366,SWI WUAT MINI MARKET
367,NAR CERIA ENTERPRISE
368,GERAKAN BELIA 4B
369,TERUSAN CORNER
370,DEEN NASI KANDAR
371,ALIEF MAJU SDN. BHD (GUA MUSANG)
372,KEDAI KOPI SENYA
373,PASAR MINI MAJURIA
374,SENG SANG MINI MARKET
375,SYARIKAT PERNIAGAAN YUM CHERNG
376,SERVAY HYPERMARKET LIKAS
377,KEDAI RUNCIT CHIANG SOON
378,KEDAI RUNCIT ALFIRA
379,MILIMEWA SUPERSTORE
380,PASAR PAYANG
381,R & Z BERKAT ENTERPRISE
382,PASAR IKAN & PASAR AM PAPAR
383,NADHIRAH CAFETERIA
384,PASAR SENTUL
385,CHUA KAH SENG SUPERMARKET PENAMPANG
386,"RESTORAN SINAR MUSTIKA,"
387,ECONSAVE CASH AND CARRY MALIM S/B
388,RESTORAN SRI MUSLIM
389,GRAND UNION STORE
390,B FAMILY MART SDN BHD
391,MILIMEWA SUPERSTORE (KOTA MARUDU)
392,PASAR TANJUNG TAWAU
393,PASAR BESAR IKAN TAWAU
394,RESTORAN SRI PANTAI
395,PASAR KOMUNITI STUTONG
396,YASSIN CURRY HOUSE
397,ERA SUPERSTORE
398,PERNIAGAAN BAKTHIAR
399,PASAR SEMARAK
400,RESTORAN MASKUR
401,TEOW SOON HUAT DUTY FREE SDN. BHD.
402,KEDAI RUNCIT RAMAI RIA
403,BILLION DUTY-FREE (LANGKAWI) SDN. BHD.
404,RESTORAN SABAH CHICKEN RICE
405,PASARAYA C-MART(CHANGLUN) SDN BHD
406,PASAR AWAM KUAH
407,THE STORE PORT DICKSON
408,"PASARAYA KAWANG SDN BHD,"
409,BILLION PORT DICKSON
410,TESCO PUCHONG
411,RMT SUPERMART SDN BHD
412,MESRA FAMILY STORE
413,PASAR AWAM JITRA
414,PASAR TANI KEKAL CHANGLUN
415,FRESCO N CONVENIENT RETAIL (REMBAU) SDN BHD
416,NEW NAM KEE
417,PASAR AWAM KERPAN
418,PASAR AWAM KODIANG
419,PASAR AWAM AYER HANGAT
420,PASAR LUKUT
421,PL SOON HUAT SDN. BHD.
422,PASAR AM PITAS
423,PASAR AWAM PADANG MATSIRAT
424,FRESCO MERLIMAU
425,PASAR GUNUNG RAPAT
426,PASAR TELUK KEMANG
427,DESA CAFE & KOPITIAM
428,PASAR PASIR PANJANG
429,PASAR LINGGI
430,RAMAI RAMAI SDN BHD
431,CHOON CHEONG DEPARTMENT STORE SDN BHD
432,TF VALUE MART SG SIPUT
433,LBG SOON SENG SDN BHD
434,PASAR BASAH MANIR
435,SERI KOLAM-TELIPOT TRADING (AH BENG)
436,SING KWONG (SALIM) SUPERMARKET
437,RESTORAN NUR HIDAYAH & CATERING
438,CHOP CHOON SENG HIN
439,PASAR EKONOMI TOPEN
440,AULIAH RESTAURANT
441,PASAR AWAM KLUANG
442,PASAR PEKAN SIK
443,ZUA PERMAI TRADING
444,YANG KWANG DEPARTMENT STORE SDN BHD
445,RESTORAN A BISMI & RESTORAN NAZNISHA
446,KEDAI RUNCIT YEW LEONG
447,PASAR AWAM PADANG SERAI
448,PASAR BASAH PEKAN BATU LIMA
449,PASAR AWAM KULIM
450,KEDAI RUNCIT SEJAHTERA BARU
451,SK MART
452,PASAR BESAR BANDAR TEMERLOH
453,NIRWANA MAJU SDN BHD
454,PASAR BASAH (BALING)
455,RDY MINI MARKET
456,AEON ( MID VALLEY )
457,PASAR BASAH (KUALA KETIL)
458,TC BROS TUARAN
459,BILLION BALING
460,WAN LEE HENG CASH & CARRY
461,PASAR BASAH MERSING
462,PASARAYA ECONSAVE KAPAR SDN BHD
463,PASAR AWAM SERDANG
464,AULIAH TRADING
465,PASAR SENTRAL SMC
466,PASAR RAKYAT LAHAD DATU
467,PASARAYA STAR GROCER ( DESA PANDAN )
468,PASARAYA TF VALUE MART JERANTUT
469,AEON ( METRO PRIMA )
470,KEDAI RUNCIT ROSLAN
471,AEON BIG ( KEPONG )
472,HUP HENG MINI MARKET
473,PASAR MINI SIN KEAN JOO
474,BALING MINI MARKET
475,AEON BIG SUBANG JAYA
476,PASAR PUDU
477,PASAR BATU 5
478,THE STORE ( SRI PETALING )
479,PASARAYA SHAAN SDN BHD
480,PASAR HARIAN SELAYANG ( KL )
481,FARLEY SUPERMARKET
482,KF-KUFAROSIRA (M) SDN BHD
483,KEDAI RUNCIT MEGA GRADE SDN BHD
484,TERATAI MINI MARKET
485,PASAR BUKIT BESAR
486,PASAR BASAH KUALA BERANG
487,SUPERMAS RETAIL SDN. BHD
488,PASAR BASAH AJIL
489,PASAR BESAR DUNGUN
490,KEDAI RUNCIT WEE CHIN FATT
491,PASAR PAGI SELAYANG JAYA
492,ISTANA AYAM TUA
493,PASAR SELAYANG BARU
494,YAT LAI HIONG
495,PASAR BESAR TAMAN TUN DR ISMAIL ( TTDI )
496,NELAYAN MINI MARKET
497,C-FAR MINIMART
498,GIANT BATU CAVES
499,RESTORAN NO.8
500,GIANT SEKSYEN 7 SHAH ALAM
501,PASAR AWAM TANJUNG MALIM
502,PASAR AWAM SLIM RIVER
503,PASAR AWAM SUNGKAI
504,PASAR AWAM BIDOR
505,RESTORAN JELEBU
506,RESTORAN FATIMAH
507,PASAR AWAM SIMPANG RENGGAM
508,AEON MAXVALU PRIME ( DESA PARK CITY )
509,PERNIAGAAN LUKUT STORE
510,INDERA STORE
511,PASAR AWAM PARIT
512,PASAR BESAR JALAN OTHMAN
513,PASAR AWAM REMBAU
514,GIANT SUPERMARKET AMCORP MALL
515,PASAR AIR PANAS
516,U ALL MART SDN BHD
517,TUNAS MANJA SUPERMARKET (MARAN) SDN BHD
518,YUSUF ISLAMIC CAFE
519,MEDAN SELERA SARIKEI
520,KEDAI MKN CINA-WONG CHU
521,PASARAYA TF VALUE MART MENTAKAB
522,KEDAI RUNCIT BALKEES ENTERPRISE
523,MILIMEWAH SUPERSTORE
524,PASAR PAGI SRI GOMBAK
525,MEDAN SELERA MARA S.RENGGAM
526,MINI MARKET TONG SENG HIN
527,PASAR AWAM PASIR PENAMBANG
528,PASAR AWAM TANJUNG KARANG
529,PASAR BESAR JASIN
530,PASAR BESAR MERLIMAU
531,MINI MARKET RASAH JAYA
532,RESTORAN MELATI
533,KEDAI MAKAN SYARIFAH NOR
534,PASAR AWAM SG BESAR
535,CHANDRIKA CASH & CARRY
536,PASAR SERI SETIA
537,PASAR BATU 24
538,PASAR BASAH KOTA BELUD
539,SABINDO SUPERMARKET
540,PASAR RANAU
541,PASARAYA B & O
542,PASARAYA AZMI
543,PASAR AM BEAUFORT
544,PASAR CHABANG 3
545,MAT RAHIN KEDAI RUNCIT.
546,NAM LEONG (KANOWIT) SUPERMARKET
547,KIM HOCK SUPERMARKET
548,SERVAY HYPERMARKET PARKWELL DEPARTMENTAL STORE PUTATAN
549,SIN LAM BEE MINIMARKET
550,PASARAYA ECONJAYA SDN. BHD.
551,PASAR UMUM KUNAK
552,FAMILY CHE ENTERPRISE
553,LOTUSS STORES
554,AEON BIG KAPAR
555,PASAR KAMPUNG MELAYU SUBANG
556,TESCO SETIA ALAM
557,PASAR BASAH KUALA NERANG
558,PASAR TAMU TATAU
559,PASAR MINI SRI NAKA
560,RAMLEE KEDAI RUNCIT
561,PASAR BESAR MODEN RAWANG
562,BILLION SHOPPING CENTRE (KOTA PERMAI) SDN BHD
563,PASAR MINI 99 SPEEDMART SDN BHD (PASIR PENAMBANG)
564,WONDERFUL SUPER MART SHOP SDN BHD
565,PASAR  BANGI
566,PASAR MINI PERNIAGAAN JAYA DIRI
567,PASAR KAMPUNG BARU
568,PERNIAGAAN RAMESH SDN BHD
569,PASAR KERAMAT
570,SHENG MINI MARKET
571,CHOP JOO ENG
572,PASAR AWAM SG YAN
573,PASAR MINI JALINAN TELITI
574,PASAR AWAM BAGAN AJAM
575,PASAR MINI BAN CHEONG LEONG
576,PASAR AWAM GUAR CHEMPEDAK
577,JMS MINI MART BAGAN LALLANG SDN BHD
578,LAU LIONG KEE
579,LUCKY SEVEN
580,BERAPIT MINI MARKET
581,PASAR MINI SIN CHUEN ENTERPRISE
582,PASAR MINI GUAR INDAH
583,PASAR KAJANG
584,PASAR SEMENYIH
585,PASAR AWAM SRI PENANTI
586,PASARAYA TUNAS MANJA BESERAH
587,PASAR AWAM BERAPIT
588,PASAR AWAM CHAI LENG PARK
589,JMS MINI MART SUNGAI DUA SDN.BHD.
590,SING KWONG SUPERMARKET FOODCOURT
591,PASAR BASAH BALOK
592,PASAR MINI TMN PERAI
593,CHUA KAH SENG HYPERMARKET PERMAI MANGGATAL
594,PASAR BASAH KOTA SENTOSA
595,AEON BIG EAST COAST MALL
596,PASAR BESAR KOTA KINABALU
597,TUNAS MANJA SDN BHD (TRANSIT POINT)
598,PASAR AWAM AYER TAWAR
599,GIANT KINRARA
600,JIT SIANG
601,RESTORAN TONG NAM HENG (AIRCOND) WESTERN FOOD
602,BANDAR PERDA MINIMARKET
603,GIANT PENANG PLAZA
604,M.R. MINI MARKET
605,SABASUN BANDAR KUALA TERENGGANU
606,BILLION SHOPPING CENTRE SEBERANG JAYA
607,PASAR AWAM SG BAKAP
608,PASAR AWAM NIBONG TEBAL
609,PASAR AWAM KEPALA BATAS
610,PASAR AWAM SEBERANG JAYA
611,PASAR AWAM JETI LAMA
612,PASAR AWAM TASEK GELUGOR
613,ECONSAVE CASH & CARRY BUTTERWORTH
614,PASAR AWAM SUNGAI DUA
615,PASAR AWAM PENAGA
616,HOCK CHUAN LEE
617,AZWANI BT MOHAMED
618,HOCK CHING CHIONG SDN. BHD
619,PASAR AWAM SUNGAI PUYU
620,GAMBANG EKONOMI MINI MARKET
621,PASAR AWAM BUKIT MERTAJAM
622,PASAR MINI JIMAT JAYA
623,THE STORE SUNGAI PETANI
624,PASAR TAMAN RIA
625,CHONG HENG
626,PASAR TIKAM BATU
627,PASARAYA KARNIVAL (JERAI) SDN. BHD.
628,PASAR GURUN
629,PASAR BASAH MERBOK
630,PASARAYA EKONOMI LEE KHEOW
631,PASAR AWAM JENIANG
632,PASAR SEJAHTERA
633,TAMU CINA LIMBANG
634,TAMU BESAR LAWAS
635,SARIMAH CURRY HOUSE (RESTORAN & CATERING)
636,ADENAN AND CATERING
637,NURUL CAFE
638,DAYANA CURRY HOUSE
639,LEEYA RESTORAN
640,RESTORAN AMPANG
641,DREAM  CAFE 818
642,SHAKRI MINI MARKET
643,RESTORAN KURNIA
644,FARLEY FOOD COURT
645,PASAR BESAR SITI AISYAH
646,QUALI FOODCOURT @ GIANT HYPERMARKET BATU CAVES
647,KHALEEL BATU FERRINGHI
648,KEDAI RUNCIT COMEL MINI MARKET
649,PASARAYA DM PEMBORONG SDN BHD
650,ZAKARIA RAZAK
651,LUNG SENG
652,ASTAKA KAMPUNG MELAYU
653,MAMAK SPICY
654,BISMILLAH TOMYAM
655,PASAR AWAM SAMA GAGAH
656,NATION LIGHT SDN BHD
657,RESTORAN STESEN RASA
658,TAMU DAN PASAR BASAH BEKENU
659,PASAR BESAR MASJID TANAH
660,KEDAI RUNCIT MRT MAJU TRADING (MRT 1)
661,PASAR BESAR ALOR GAJAH
662,AEON BIG ( SRI PETALING )
663,99 SPEED MART ( BANDAR SRI PERMAISURI 2 )
664,HERO MARKET ( BANDAR SRI PERMAISURI )
665,EKEY CAFE
666,PASARAYA KINI
667,MYDIN SELAYANG
668,PASAR AWAM KG BARU
669,PASARAYA GAMA
670,PASAR MINI SHAMIRA
671,SHC SUCCESS MARKETING
672,SERVAY HYPERMARKET
673,BOULEVARD HYPERMARKET
674,PASAR BASAH MENTAKAB
675,PASAR AWAM BAGAN DATUK
676,KEDAI PEMBORONG DAN RUNCIT MUHIBAH PORT DICKSON
677,EMART SUPERMARKET
678,RESTORAN BEE HOO
679,RESTORAN GUAN JI
680,RESTORAN DEEN BERJAYA
681,RESTORAN FATIMAH (INDIA MUSLIM)
682,PASAR AWAM YONG PENG
683,RESTORENT MOHAMADUNNI
684,RESTORAN TANJUNG BIRU CAFE
685,PASAR SEKSYEN 16
686,99 SPEED MART ( DESA PANDAN )
687,MYDIN USJ
688,MYDIN BAZAAR PRESINT 15
689,PASAR MINI WATA
690,MONEGAIN SDN. BHD.
691,PASAR JALAN GENTING KLANG
692,PASAR BASAH SIBUJAYA
693,PASARAYA TUNAS MANJA SDN BHD PEKAN
694,PASAR BESAR PEKAN
695,"KEDAI RUNCIT DINIEZ ENTERPRISE,"
696,KEDAI RUNCIT CHOP CHUAN CHANG
697,ECONSAVE BANDAR BARU SUNGAI BULOH
698,TESCO JELUTONG PULAU PINANG
699,GIANT BUKIT ANTARABANGSA
700,NAM LEONG SUPERMARKET
701,PASARAYA ONG TAI KIM ( WANGSA MAJU )
702,PASAR AWAM SERI MANJUNG
703,MYDIN MALL
704,CENTRAL MARKET SARIKEI
705,ECONSAVE KG MELAYU SUBANG
706,TF VALUE MART RAUB
707,TF VALUE MART SDN BHD BENTONG 1
708,PASAR BASAH BENTONG
709,PASAR BASAH KARAK
710,PASAR BESAR RAUB
711,GIANT SUPERSTORE SUBANG JAYA (USJ)
712,"SYARIKAT SAYANG,KERPAN"
713,NIRWANA MAJU SDN BHD (432159-V)
714,MEDAN SELERA JAYA JUSCO
715,MUI KUANG MINI MARKET
716,NSK HYPERMARKET RAWANG
717,PASAR BESAR PELABUHAN KLANG
718,RESTORAN LIAN HWA
719,RESTORAN LILIAN HOCK
720,RESTORAN SAFKILA ENT
721,RESTORAN KEDAI KOPI & MAKANAN (INDIA MUSLIM)
722,RESTORAN ASAM MANIS
723,SAU RESTORAN
724,MUS TOMYAM
725,BOULEVARD HYPERMARKET (KUCHING) SDN BHD
726,RESTORAN NISA DIN
727,MEDAN SELERA TESCO STORES
728,PASAR MINI JELAWAT
729,MEDAN SELERA SEKSYEN 8
730,RESTORAN HO PING
731,PASAR BASAH MELOR
732,PASARAYA HERO SEK 13
733,PASAR FAMA PUCHONG
734,PASAR SIMPANG
735,PASAR BESAR PULAU SEBANG
736,KEDAI CHOP ENG BEE
737,RESTORAN SAIDAH
738,TESCO PERINGGIT
739,RANJINI (M) SDN BHD
740,FAMILY STORE (JASIN)
741,PASAR AWAM TAMBUN INDAH
742,NG SIAN HAP SUPERMARKET
743,GIANT SEKSYEN 13
744,PASAR BESAR MBMB
745,PASAR SS 15 SUBANG JAYA
746,KEDAI RUNCIT SING TIAN
747,PASAR MINI KUALA TERENGGANU
748,LOTUSS STORE STATION 18
749,PASAR MINI K.K MAJU
750,GLORY (MUKAH) SUPERMARKET
751,PASAR BASAH MUKAH
752,PASAR BASAH KECIL DALAT
753,RESTORAN DAYANG CAFE
754,EVERWIN ECONOMY MART
755,H&L SERIAN
756,PASAR BASAH SERIAN
757,RESTORAN REZEKI MAJU
758,RESTORAN RUMAH ATAP
759,ANJUNG SELERA
760,RESTORAN ASSALAM
761,PERNIAGAAN YAT FONG SDN. BHD. (BIDOR)
762,FOOK LONG HIN
763,PASAR MINI PULAU PANJANG
764,HOCK LOK COLD STORAGE
765,GIANT BUKIT TINGGI
766,PASAR BASAH MARAN
767,TESCO EXTRA SEBERANG JAYA
768,JATA TRADING
769,PASAR BASAH KOTA PADAWAN
770,BISMILLAH RESTORAN
771,TUAN KAI HONG
772,RESTORAN NASI KANDAR MUTIARA TANJUNG
773,SENG HONG MINI MARKET
774,"RESTORAN NURUL JANNAH, MANONG"
775,RESTORAN IKAN BAKAR MALIM
776,RESTORAN SINAR MUSTIKA
777,KS TRIPLE MART (TEMERLOH)
778,RESTORAN RAFIDAH
779,PASAR MINI G & S
780,KEDAI RUNCIT CHOP PENG SIN
781,TF VALUE MART JLN MAHARAJALELA
782,PASAR BASAH SEKSYEN 6
783,PASAR BASAH KG RAJA
784,RESTORAN BEST - Q JERTEH
785,HARNINA ENTERPRISE
786,SIN LIANG SUPERMARKET
787,PASAR AWAM SITIAWAN
788,TESCO BUKIT TINGGI
789,CHOW CHOW RESTAURANT
790,RESTORAN NASI KANDAR AL NASIRAH
791,PASAR MINI MESRA M.ALI SDN.BHD.
792,RESTORAN NAINA MOHAMED (TASEK)
793,PASARAYA EKONOMI YUAN HUAT
794,PASAR MINI FOOK YEE
795,PASARAYA NIRWANA SEGAMAT
796,PASAR AWAM BANTING
797,ECONSAVE BANTING
798,PASARAYA PANTAI TIMUR SHOPPING CENTER
799,GIANT TAMAN PERMATA
800,PASAR MERU KLANG
801,PASAR BASAH KAPAR
802,MEDAN SELERA TAMAN MELAWATI (JLN BANDAR)
803,RESTORAN CITARASA 1
804,RESTORAN SELERA KITA 2
805,BATARAS FOODCOURT KOLOMBONG
806,PASAR AM MANGGATAL
807,PASAR BASAH CHUKAI
808,PASARAYA SAMAMAJU (BINJAI) SDN. BHD.
809,RESTORAN GRANDVIEW CAFE
810,RESTORAN MAI CHEK ZAH CIKGU BIDI (PN KHAZAINIAH BT IBRAHIM)
811,RESTORAN AL-BAIK SWEET LOCATION SDN BHD
812,NIRWANA MAJU SDN.BHD (KEMAMAN)
813,NAJWA IKAN BAKAR
814,PASAR BESAR BANDAR TASEK RAJA
815,RESTORAN PELADANG
816,BARVIN RESTORAN
817,PASAR BUKIT PAYUNG
818,PASAR TAMAN TUN SARDON
819,PASAR BESAR MARANG
820,MEDAN SELERA PANTAI BATU BURUK
821,CITY MEWAH ( RAMLI SELERA KAMPUNG)
822,PACIFIC FOOD COURT
823,RESTORAN IKAN BAKAR MALIM (MITC)
824,PASAR WAKAF TAPAI
825,PASARAYA JAYA GADING (BUKIT GOH)
826,PASARAYA LU MIOU
827,RESTORAN TELANAI SEAFOOD
828,PASAR  BASAH PERMAISURI
829,EXCELLENT MARZ TRADING (BAINI)
830,PASAR AM KUDAT
831,MORE CHANCE TRADING SDN.BHD
832,KEDAI RUNCIT CHOP HIAP GUAN
833,TR BINTANG TRADING
834,PASAR BESAR SITI HAFSAH
835,PASAR AWAM DENGKIL
836,PASAR CHOW KIT
837,PASAR KECIL BATU MAUNG
838,RESTORAN CIPTARASA
839,RESTORAN KOPITIAM BUKIT PASIR
840,PASARAYA UTARA MEGA ENTERPRISE SDN. BHD
841,ALUN COLDSTORAGE MARKET
842,PASAR SUMAYYAH
843,RAMELI JUSOH
844,KS WALK IN MART SDN BHD
845,PASAR MINI SNOFA
846,RESTORAN SALOR
847,RESTORAN NASIB U-MOHAMAD NASIB SDN BHD
848,RESTORAN AIK CHIN
849,MEDAN SELERA TG KARANG
850,MZI TRADING
851,THE STORE (KUALA KANGSAR)
852,KEDAI RUNCIT LEDANG TRADING (JOHOR BAHRU)
853,PASAR MINI STOR TAWAKAL (JOHOR BAHRU)
854,ECONSAVE SKUDAI PARADE
855,RI SHENG VEGETABLES & FOOD SDN BHD (PASIR GUDANG)
856,KEDAI RUNCIT SEGARA (TEBRAU)
857,KEDAI RUNCIT SETOR SINAR
858,RESTORAN AL-SARINA
859,RESTORAN SYED ALI (MERSING)
860,MEDAN SELERA KAMPAR
861,GIANT HYPERMARKET KOTA DAMANSARA
862,"GERAI NO. 45,46,48,53,54&55"
863,PASAR MINI KIM SENG
864,KIP MART KOTA TINGGI
865,KPF MINI MARKET
866,S.K. MINI MARKET
867,KEDAI RUNCIT GOH PENG GUAN
868,KEDAI RUNCIT HOCK LEE LAI
869,PASAR MINI WANGSA MAJU
870,JIMAT MINIMARKS SDN BHD
871,RESTORAN SELERA BERSAMA
872,THONG HENG CONVENIENCE STORE
873,ONG THAI KIM (OTK)
874,PASAR AWAM HUTAN MELINTANG
875,SALAMKU EXTRA TENDONG
876,RESTORAN AL RIZKI 786
877,PASAR KAMPAR
878,PASAR KECIL TAMAN SAHABAT
879,D'MART TENANG
880,HIAP LEE SUPERMARKET
881,PASAR AWAM KUALA KURAU
882,WAH LEE KEDAI MAKAN & RUMAH TUMPANG
883,RAUB KOPITIAM
884,RESTORAN SHAHBASHEER
885,PASAR BASAH MATA AYER
886,SUNSHINE FARLIM
887,ATAN CORNER
888,RESTORAN MAMA
889,PASAR BESAR KAMUNTING
890,ECONSAVE KOTA KEMUNING
891,PASAR MINI SABURTHAN
892,TUNAS MANJA (MUADZAM SHAH) SDN. BHD.
893,KEDAI RUNCIT SENG
894,KS-TWIN MART SDN BHD
895,RESTORAN DANG-DANG DUT
896,RESTORAN YU YI
897,MIN HOE CAFE
898,"RESTORAN MAJU ABDULLAH, SUNGAI SIPUT"
899,D'MART KOTA TINGGI
900,PASAR MINI HUP  SENG
901,RESTORAN LIAN YU
902,GMART TUARAN
903,G - MART SUPERMARKET (SAJ HEN FUNG)
904,PASAR MNI CAHAYA MURNI
905,RESTORAN HOON KEE
906,GOLDEN LION RESTAURANT
907,MEDAN SELERA LOTUS'S STATION 18
908,GIANT SUPERMARKET ( SUNGEI WANG )
909,COLD STORAGE ( KLCC )
910,SOGO ( KL )
911,MYDIN ( SINAR KOTA )
912,KEDAI RUNCIT AL FATEK
913,CONVENIENCE MINI MARKET
914,PASAR MINI LANGKAP
915,KWEEK CHIU THUNG
916,RESTORAN DA MEE CELUP
917,G-MART (TENOM)
918,TF VALUE MART BATU GAJAH
919,PASARAYA SRI KAWAN (KUALA KANGSAR)
920,AZIMAT TEGUH ENTERPRISE
921,PASARAYA GRAND UNION BUKIT BERUNTUNG
922,ASAM PEDAS SELERA KAMPUNG
923,MADINAH RESTORAN
924,ABE LI ROTI CANAI
925,KAK NIE RESTOREN
926,RESTORAN NEW 168
927,MAMAK CURRY HOUSE
928,MYDIN MITC MELAKA
929,BS SUPERMART SDN. BHD. (LUNDU)
930,EVERLASTING KUALA KUBU BHARU
931,NATIEZA INDERA ENTERPRISE
932,PASAR AWAM SUNGAI PELEK
933,EMART SUPERMARKET MATANG
934,JMS BUKIT TENGAH
935,RESTORAN CHIN
936,RESTORAN KRIS (MERSING)
937,RAMLI BIN OMAR
938,PASAR BASAH PRESINT 8
939,PASARAYA DARUL MAKMUR
940,GIANT SENAWANG
941,LOTUSS STORE (TESCO MERGONG)
942,PACIFIC STAR PARADE COMPLEX
943,GCH RETAIL (MALAYSIA) SDN. BHD.
944,PASARAYA BILLION (ALOR SETAR) SDN BHD
945,LOTUS'S SELAYANG
946,FARLEY SUPERMARKET SIBU
947,EVERWIN (JALAN PAHLAWAN)
948,PASARAYA YAWATA SDN BHD
949,MDS MART SDN. BHD.
950,NEW WORLD MART SDN. BHD.
951,MILIMEWA SUPERSTORE SDN BHD TAWAU
952,ECONSAVE CASH & CARRY (MJ) SDN. BHD. (SETIAWAN)
953,UTAMA JAYA SUPERSTORE
954,TUNAS MANJA RAUB
955,"PASAR TAMU SRI AMAN,SRI AMAN"
956,PASAR TAMU BERSEPADU SRI AMAN
957,PASAR AM SIPITANG
958,PASAR  BESAR SITI KHADIJAH
959,PASAR AM KUALA PENYU
960,PASAR BASAH UMUM SEMPORNA
961,PERNIAGAAN ABCD
962,GIANT SUPERMARKET ( SETIAWANGSA )
963,AEON ( AU2 )
964,UMA RANI CASH & CARRY
965,NSK TOPZELLER
966,PASARAYA TS MEGA ( CHERAS )
967,SEGI FRESH ( TAMAN SHAMELIN )
968,"HERO MARKET (SEKSYEN 6, WANGSA MAJU )"
969,PASAR BESAR CHERAS
970,PASARAYA K-CERIA SDN BHD
971,PASARAYA C-MART (JITRA) SDN BHD
972,PASAR TAMAN CHERAS
973,PASAR BANDAR BARU SENTUL
974,PASAR BASAH BESAR KUANTAN
975,LABUAN SUPERMARKET
976,ECONSAVE CASH & CARRY (TPJ) SDN BHD
977,GM RETAIL & WHOLESALE (SP) SDN. BHD. (G MART)
978,PASAR AWAM SALAK
979,GRAND UNION (SUNGAI PELEK)
980,MYDIN RAWANG
981,MERCATO ( SOLARIS MONT KIARA )
982,PASAR AWAM KG. KOH
983,PASAR BESAR MACHANG
984,PASAR SUNGAI BESI
985,HYPERMARKET PACIFIC
986,THE STORE MUAR
987,AEON ( WANGSA MAJU )
988,TMC ( BANGSAR )
989,VILLAGE GROCER ( BANGSAR VILLAGE )
990,CNF HYPERMARKET SDN BHD
991,PASARAYA ASTAKA
992,PASARAYA BUKIT INDAH ( TMN PUSAT KEPONG )
993,PASAR AWAM KUALA KUBU BHARU
994,BESTAMART SUPERMARKET SDN BHD
995,CHOON CHEONG DEPARTMENTAL STORE
996,MERCATO ( HARTAMAS )
997,AEON (TAMAN MALURI )
998,PASAR PAGI AWAM JALAN TELAWI
999,CHECKERS CASH & CARRY ( TMN SRI SENTOSA )
1000,PASARAYA G-MACHE
1001,PASAR AWAM RASAH
1002,LOTUSS (TESCO STORES (M) SDN BHD)
1003,LOTUS`S DESA TEBRAU
1004,PASAR KUBANG PASU
1005,COLD STORAGE PLAZA PELANGI
1006,PASAR TANJUNG BUNGAH
1007,SERVAY HYPERMARKET SANDAKAN
1008,TAMU MUHIBBAH DAN PASAR BASAH MIRI
1009,DYNAJAYA HOLDINGS BERHAD
1010,PASAR BASAH PADANG BESAR
1011,RESTORAN & CAFE' FAMOSA
1012,PASAR BASAH AM KENINGAU
1013,PASAR AM TENOM
1014,PASAR AMPANGAN
1015,THE STORE TUANKU MUNAWIR
1016,PASAR BESAR SEREMBAN
1017,PASAR BASAH SIBUGA BT 8
1018,PASARAYA PERTUBUHAN PELADANG
1019,PASARAYA BORONG DIN
1020,PASAR BESAR JERANTUT
1021,PASAR BESAR BUNGA CENGKIH
1022,FRIENDLY SUPERMARKET
1023,PASAR BUKIT CINA
1024,GIANT PUTRA HEIGHTS
1025,PASAR PORT DICKSON
1026,PASAR BUKIT SENTOSA
1027,D'MART PERMAISURI
1028,TESCO FOOD COURT
1029,TUNAS MANJA SUPERMARKET (KEMAMAN) S.B
1030,PASAR BASAH JERTEH
1031,PASAR BASAH BESAR KUALA BESUT
1032,PASAR BASAH MPPP
1033,PASAR BEREK 12
1034,D'ONE MART
1035,PASAR AWAM KUALA PILAH
1036,PASAR PADANG TEMBAK
1037,JAYENGMAJU MINI MARKET SDN BHD
1038,PASAR BESAR KUALA KRAI
1039,GIANT KUANTAN
1040,KOMPLEKS PASAR FARLIM
1041,ECONSAVE PAYA TERUBONG
1042,PASAR KAMPUNG MELAYU
1043,PASAR AYER ITAM
1044,ELLI SUPERMARKET
1045,RESTORAN BIRIYANI
1046,HOCK CHOON SUPERMARKET
1047,MY MYDIN TAMAN SRI MANJA
1048,KEDAI MAKANAN SERI FUJI SATU
1049,PASAR KECIL BAYAN LEPAS
1050,LOTUSS STORE BERCHAM
1051,MEDAN SELERA PARIT
1052,PACIFIC HYPERMARKET KOMTAR
1053,"CHOP BEAN KEE, MANONG"
1054,PASAR MINI VI LIANG
1055,KEDAI BORONG DIN
1056,PASARAYA ECONSAVE FOREST HEIGHT
1057,PASAR AWAM ULU TIRAM
1058,ECONSAVE TAMAN DESA CEMERLANG
1059,AEON MALL TAMAN UNIVERSITI
1060,PASAR AWAM TAMAN UNIVERSITI
1061,LOTUSS (TESCO SG. PETANI SELATAN)
1062,ECONSAVE KOTA TINGGI
1063,MERCATO ( GREAT EASTERN )
1064,BESTAMART SUPERMARKET
1065,G-MART SUPERMARKET
1066,RESTORAN WARISAN NOOR
1067,"FOOD COURT ARENA, AEON TMN UNIVERSITI"
1068,RESTORAN MUMMY R
1069,RESTORAN ALIFF
1070,RESTORAN TA CHONG
1071,RESTORAN AYOB
1072,RESTORAN HEE HEE
1073,FRESCO (MUAR) SDN BHD
1074,SONGMART
1075,TARGET CASH & CARRY
1076,JAYA MINI MARKET ENTERPRISE
1077,"PASARAYA TUNJANG MELATI,TUNJANG"
1078,D' PAYA TOMYAM
1079,MURTABAK CORNER BIDOR
1080,TAMU KROKOP
1081,RESTORAN WAJIB ALI BAGAN DALAM
1082,RESTORAN QISTINA
1083,RESTORAN KARI KEPALA IKAN SALIM BIDOR
1084,RESTORAN SAFFANI
1085,SG SOK JAYA TRADING
1086,R-TINIE MINI MARKET
1087,PASARAYA SHAKRI
1088,GIANT SUPERMARKET SRI MANJA
1089,PASARAYA BILLION (HUTAN MELINTANG)
1090,SAMSUDIN
1091,RESTORAN MEE REBUS RAMLI SDN BHD S
1092,RESTORAN BERIANI MAJU JAYA
1093,PASARAYA KS CHU HARMONI
1094,MYDIN WHOLESALE HYPERMARKET
1095,WN BERKAT JAYA ENTERPRISE (ZAKUAN)
1096,RESTORAN D'ANJUNG
1097,RESTORAN HAJI TAPAH
1098,KEDAI RUNCIT SORLINAZ
1099,FAMILY STORE SEREMBAN 2
1100,MINI MARKET TAMAN INDAH
1101,JUSCO QUEENSBAY MALL
1102,PASARAYA BIDARA
1103,"RESTORAN HABIB, BANDAR SERI ALAM"
1104,MINI MARKET YEE TAT
1105,KEDAI MAKAN MOK SU
1106,RESTORAN AL-AZHAR CORNER
1107,PASAR MINI PASARAYA 101
1108,RESTORAN HAJJAH RUHANA
1109,PASAR MINI HOE AIK
1110,HASRAH MINI MARKET (H.S. ENTERPRISE)
1111,KEDAI UBAT DAN PASAR MINI FOH HIN
1112,RESTORAN SALWA FOOD & CATERING SERVICES
1113,PASARAYA C-MART
1114,KEDAI RUNCIT NURHAYATI
1115,RESTORAN MEE CHIN
1116,V.M.A. TRADING KEDAI RUNCIT
1117,TESCO HYPERMARKET RAWANG
1118,KEDAI SENG HENG
1119,CHOP LEE HONG
1120,IDEA MINI MART
1121,MEDAN SELERA PLAZA LARKIN
1122,LOTUS'S KEPONG
1123,ECONSAVE CASH & CARRY SDN. BHD. KAMUNTING
1124,KAK YAH PADANG SEMBILAN
1125,FOOD COURT ( TESCO KEPONG )
1126,PASARAYA BS TANJONG GEMOK
1127,TESCO BUKIT MERTAJAM
1128,TAMU EMART
1129,PASARAYA ECONJAYA
1130,MY MYDIN ( DANAU SAUJANA )
1131,ECONSAVE CASH & CARRY (JAWI) SDN BHD
1132,FRESH & PAY PADAWAN
1133,RESTORAN MANJUNG RAYA SDN BHD
1134,SABASUN WAKAF TEMBESU
1135,PASAR MINI TALANG
1136,RESTORAN PIMAS
1137,PASAR JALAN KUANTAN
1138,PASAR BASAH GENTING
1139,AEON BIG SEKSYEN 23
1140,GIANT KEMUNING UTAMA
1141,AEON BIG SEKSYEN 32
1142,GIANT KLANG SENTRAL
1143,NINETY NINE STATION
1144,GORAMAS TRADING
1145,GOLDEN STAR MINI MARKET
1146,LOTUSS STORE MANJUNG
1147,RESTORAN SUP TAROM (KAK DA MEE CELUP)
1148,KUBANG TIGA ENTERPRISE
1149,RASHIDAH BT SENAPI
1150,GIANT HYPERMARKET KELANA JAYA
1151,TESCO KUALA SELANGOR
1152,TESCO PUTRA NILAI
1153,AEON KINTA CITY
1154,AEON (SEREMBAN 2)
1155,DOUBLE ZI RESTAURANT
1156,NSK TRADE CITY ( KUCHAI LAMA )
1157,FOOD COURT TESCO SERI ALAM
1158,GIANT SUPERMARKET ( DESA PETALING )
1159,PANTAI SELAMAT (MUADZAM SHAH) SDN. BHD.
1160,D'HAS CORNER
1161,ANEKA SELERA(MEDAN SELERA)
1162,KEDAI MAKAN DAN MINUM WAK MAN
1163,RESTOREN SICKENTER
1164,G*MART KENINGAU
1165,SHENG LIONG
1166,ECONSAVE CASH & CARRY SDN. BHD. KUALA PILAH
1167,PASAR JALAN ANSON
1168,KASSIM MUSTAFA LEBUH CHULIA
1169,MEDAN SELERA DATARAN TANGKAK
1170,PASAR BASAH TRIANG (BERA)
1171,PASARAYA TAMAN SRI WANG
1172,PASARAYA JAYA GADING (TANJUNG LUMPUR)
1173,LOT ONE FOOD CENTRE
1174,NAM LEONG DEPARTMENTAL STORE
1175,MYDIN HYPERMARKET BUKIT JAMBUL
1176,PASARAYA MUTIARA KK
1177,PASAR BASAH BATU 6
1178,PASAR BASAH ROMPIN
1179,PREMIS PERNIAGAAN PKNP KUALA TAHAN
1180,KAWASAN PERNIAGAAN FELDA KOTA GELANGGI
1181,ECONSAVE CASH & CARRY RAJA UDA
1182,PASARAYA PKT SDN BHD
1183,PASARAYA PANTAI TIMUR SDN. BHD
1184,ENG HOE MINI MARKET
1185,NASI KERABU SPECIAL
1186,SIN CHERN MINI MARKET
1187,PASAR MINI SAMUDERA SWEET LOCATION S.B
1188,TESCO SEREMBAN JAYA
1189,ECONSAVE CASH AND CARRY ( SETAPAK CENTRAL )
1190,PASARAYA TANAH MERAH
1191,PASAR MINI 99 SPEEDMART PRESINT 9
1192,SURIANA YASIN/KEDAI RUNCIT HARUN
1193,TUNAS MANJA TEMERLOH
1194,KAK NAB NASI AYAM
1195,MAHABBAH KHALIFAH MINI MARKET
1196,FAEZ MAJU RESOURCES
1197,PASAR BASAH PADANG TENGKU
1198,PASAR AWAM KULAI
1199,LOTUSS STORE SERI ISKANDAR
1200,FAMILY SHOPPING MART
1201,TESCO TANJUNG PINANG
1202,AEON BIG BUKIT TENGAH
1203,PASAR AWAM BAHAU
1204,WAN LAI
1205,YEN YI
1206,KEDAI KOPI SU GUAN
1207,PASARAYA PANTAI TIMOR JERTEH
1208,H&L KUCHING SENTRAL
1209,PASAR BORONG WAKAF CHE YEH
1210,D & J MINI MARKET
1211,PASAR MINI YONG FATT
1212,PASAR MINI THAI KA
1213,KEDAI RUNCIT ZUL-FAR JAYA ENTERPRISE
1214,KEDAI RUNCIT HALIM SUPPLY
1215,RESTORAN ALYKAN JAM BESAR
1216,KEDAI KOPI ANN HIN
1217,MUTIARA CORNER
1218,IDAMAN SURI CORNER BAGAN DALAM
1219,KEDAI MINUMAN DAN MAKANAN BUKIT EMAS
1220,KEDAI MAKAN DAN MINUM KAH HIANG
1221,RESTORAN NASI KANDAR SHAHUL HAMID BERTAM INDAH
1222,TARGET SUPERMARKET
1223,RESTORAN CUBA RASA ABC
1224,KEPONG KOPITIAM
1225,RESTORAN ALI MAJU ( KEPONG )
1226,FOOD COURT ( AEON BIG KEPONG )
1227,LAM SENG CAFE
1228,KEDAI NASI CAMPUR AWET MUDA
1229,PELITA SAMUDERA PERTAMA SUNGAI DUA
1230,FOODCOURT TESCO EXTRA SUNGAI DUA
1231,RESTORAN 23 MIXED RICE
1232,RESTORAN UKHWAH ( UKHWAH KATERING )
1233,RESTORAN SOON TECK
1234,FOOD COURT SOGO
1235,99 SPEED MART (JLN TIONG NAM)
1236,AS BORONG & RUNCIT
1237,PASARAYA BS KUALA ROMPIN SDN. BHD.
1238,IMRAN NASI KANDAR
1239,RESTORAN RESTU ILAHI SERI MANJUNG
1240,MEDAN SELERA ASTAKA
1241,FOODCOURT TESCO MERGONG
1242,RUMAH GEMILANG ENTERPRISE
1243,"PASAR MINI CHIN HUAT TAN,"
1244,ECONSAVE KLUANG
1245,KOPITIAM YAT SAN
1246,PASAR MINI PASARAYA KK
1247,RESTORAN ALI MAJU (SETIAWANGSA)
1248,FOOD COURT ( AEON AU2 )
1249,MEDAN SELERA JLN USAHAWAN ( IQAH CORNER )
1250,FOOD COURT ( ARENA - AEON MALURI )
1251,MEDAN SELERA PUSAT PENJAJA TAMAN MALURI
1252,MEDAN SELERA JALAN DUTA
1253,RESTORAN D'TIMUR
1254,ALI FOOD'S CORNER
1255,AEON BIG PUCHONG UTAMA
1256,MAZNIRA TRADING
1257,RESTOREN MESRA WANGI
1258,PRESTIG DAGANGAN GROUP (R&R)
1259,IRDINA NASI KUKUS
1260,MEDAN SELERA GUAR CHEMPEDAK
1261,KEDAI MAKAN AH CHEW
1262,PASARAYA KEDAWANG SDN. BHD.
1263,UN LEE ENTERPRISE
1264,SIN BEE HUP
1265,PASARAYA BORONG KH NIZAM
1266,EMPORIUM LABUAN SHOPPING MART
1267,ROBINA RESTORAN
1268,KEDAI QAF HA YA AIN SOD
1269,D'MART CHALOK
1270,NASI KERABU GOLOK
1271,SERVAY HYPERMARKET (S) S/B LAHAD DATU
1272,99 SPEED MART ( TMN PANTAI INDAH )
1273,KEDAI RUNCIT BONDA
1274,PASARAYA YOHOMAS
1275,RESTORAN  NASI KANDAR CAHAYA
1276,KEDAI KOPI DAN MAKANAN NAM HUAT
1277,HALIM KARI SEMBILANG
1278,KEDAI KOR LAU
1279,MEDAN SELERA AYER KEROH
1280,MEDAN SELERA MERLIMAU (SELERA 1 MALAYSIA)
1281,MEDAN SELERA DATARAN SRI ANGKASA JAYA
1282,RESTORAN VARGINA
1283,FOOD COURT ( AEON WANGSA MAJU )
1284,MEDAN SELERA ANIKA
1285,RESTORAN NASI KANDAR DEEN ( TMN DANAU KOTA )
1286,MEDAN SELERA PUTRA LAUT
1287,FOOD COURT ( TESCO EXTRA SELAYANG )
1288,BUKIT SIPUT FOOD COURT (MY SEGAMAT KOPITIAM)
1289,GERAI JAB. KERJA RAYA
1290,PASARAYA PANTAI TIMUR (TEPI PASAR KUALA BESUT)
1291,TRELEAF SEB TAKIR
1292,T'KAFE FOODCOURT KUALA TERENGGANU
1293,RESTORAN AZ SELERA TIMUR
1294,QEYJAN TRADING
1295,MYDIN MERU RAYA
1296,ALIAS MINI MARKET
1297,ABD WAHAB ABD KADIR (RHU MUDA)
1298,TESCO HYPERMARKET PARADIGM MALL
1299,MAHANI SAID
1300,THE SPRING FOOD BAZAAR
1301,PASARAYA PANTAI TIMOR (PASIR PUTEH) SDN BHD
1302,RESTORAN PUTRI CAFE
1303,MYDIN WHOLESALE HYPERMARKET ALOR SETAR
1304,PACIFIC ALOR STAR MALL
1305,LOTUSS STORE (TESCO STARGATE)
1306,TSB SUPERSTORE PUMPONG SDN. BHD.
1307,PERNIAGAAN KAWAN HENG (KH) SDN. BHD.
1308,PASARAYA KH (TANAH MERAH)
1309,PASARAYA BORONG PL KEAN HIN
1310,ECONO JAYA (CAWANGAN)
1311,PASAR MINI DESA AMAN JAYA
1312,PASAR MINI YINN KEONG ENTERPRISE
1313,BS SUPERMART SDN BHD (BAU)
1314,PASARAYA TMC (MESRA MALL)
1315,SUNWAY MINI MARKET
1316,FOOD COURT TMC (MESRA MALL)
1317,TF VALUE MART TAPAH
1318,YO YO CAFE
1319,TAN BENG LEE MAKANAN DAN MINUMAN
1320,RESTORAN YASMEEN
1321,RESTORAN SUBRITA
1322,PK AL-FALAH TRADE SDN BHD
1323,INDAH PURNAMA MELAWI ENTERPRISE
1324,BAGAN LALANG IKAN BAKAR
1325,DOUBLE FIVE SEAFOOD
1326,RESTORAN NIKMAAT TELUK INTAN
1327,RESTORAN AL MOHAMEED FAIZ
1328,PASAR BASAH SONG
1329,CHOP HOCK PING
1330,TUNG CHIONG TRADING
1331,SOON LAI HUAT
1332,TAMAN SELERA EMPURAU
1333,HAPPY GARDEN
1334,GELANGGANG KENYALANG
1335,AEON CO. (M) BHD SERI MANJUNG STORE
1336,PASARAYA BILLION JALAN LUMUT
1337,TAI TIAM CHOY
1338,PASAR MINI PULAI INDAH
1339,MEDAN SELERA MEDAN NIAGA SATOK (BENTENG)
1340,BOULEVARD FOOD COURT
1341,"ISLAMIC CAFE, BATU 7"
1342,TUNAS MANJA SUPERMARKET (GONG BADAK) SDN. BHD.
1343,RESTORAN NASI KANDAR MY HALEEM (SDN BHD)
1344,JI SENG RESTAURANT
1345,MEDAN SELERA PEKAN JITRA 2
1346,RESTORAN MEE RAZAK
1347,RESTORAN PHOENIX GOLD
1348,RESTORAN SIN LAI PENG
1349,RESTORAN A.HASSAN ( VELODROME CHERAS )
1350,SEVEN SEVEN RESTORAN
1351,TERATAI FOODCOURT (TBS )
1352,Z&RS GRAND ENTERPRISE
1353,YUMMY CAFE
1354,SRI PELITA
1355,TAMAN HARMONI
1356,RESTORAN PADANG PASIR
1357,FOOD COURT LANGKAWI PARADE
1358,KEDAI KOPI YU FOOK LOI
1359,PASAR MINI ZHONG YI
1360,KKB CAKE DAN CAFÃ‰
1361,MEDAN SELERA PRESINT 8
1362,MOHD FAUDI BIN HAMZAH
1363,LUSTY ENTERPRISE
1364,NPF JELI ENTERPRISE
1365,PASAR DONGGONGON
1366,"SERVAY HYPERMARKET BANDAR BARU KOIDUPAN, PENAMPANG"
1367,DCE JAYA MART ENTERPRISE(CAW. KENJENG)
1368,RESTAURANT LEONG XIANG
1369,BFC FOOD CENTER
1370,NASI KANDAR MAKBUL
1371,PUSAT MAKANAN RIA
1372,FOOD COURT TESCO LAGENDA HEIGHT
1373,RESTORAN BERKAT (SUNGAI PETANI)
1374,KWANG TUNG CAFE
1375,RESTORAN AL-ASNA
1376,CARNIVAL CASH & CARRY SDN.BHD
1377,DAILY WHOLESALE & RETAIL SDN BHD
1378,PASAR MINI DARUSSALAM PRESINT 9
1379,RESTORAN IMPIAN BONDA
1380,RESTORAN OLD TOWN (JALAN BAHAGIA)
1381,"JMJ NASI KANDAR KETAPANG,"
1382,KAK MAS KEDAI RUNCIT
1383,KAK TIEY KEDAI RUNCIT
1384,EMAN MAJU TRADING
1385,MOK LONG TEGUH ENTERPRISE
1386,WOK ISA MINI MARKET
1387,PASARAYA TT MAJU
1388,PASARAYA BILLION MART
1389,NASI KANDAR SALAM SDN BHD
1390,MEDAN SELERA PANTAI BERSIH
1391,JMS SUPERMART SDN BHD
1392,KEDAI RUNCIT EKA BARONA
1393,99 SPEED MART ( JLN SENTUL )
1394,EIGHTY EIGHT (88) CAFE
1395,RESTORAN FAROUK MAJU BARU KUANTAN
1396,GIANT FOOD COURT
1397,RESTORAN ALIF (BALOK)
1398,MEDAN SELERA BESERAH
1399,RESTORAN HASLINA TOMYAM & WESTERN
1400,AIDA'S CORNER
1401,LILY COPITIAM
1402,FOOD COURT TG API
1403,MEDAN SELERA SRI MAHKOTA
1404,GIANT SUPERSTORE KUALA PILAH
1405,TESCO FOODCOURT
1406,RESTORAN AL FARIDAH
1407,RESTORAN RIVERVIEW
1408,FOODCOURT TESCO KUALA SELANGOR
1409,NIRWANA HYPERMARKET SDN BHD.
1410,FAZILA TOM YAM & SEAFOOD
1411,KEDAI RUNCIT SAFIUDEEN
1412,HERO MARKET ( TTDI )
1413,AEON BIG (KLUANG)
1414,RESTORAN EDA SEMANGGOL
1415,PASAR BORONG SELANGOR
1416,CCK FRESH MART (LUNDU)
1417,PASARAYA G*MART BORNEO RETAIL SDN BHD
1418,PASARAYA FRESHMART
1419,PASARAYA TF VALUE MART (KUALA LIPIS)
1420,PASAR AWAM ENDAU
1421,TF VALUE MART PORT DICKSON
1422,RESTORAN DINAS (NASI KANDAR)
1423,FAMILY STORE SUNGGALA
1424,CHUA KAH SENG SUPERMARKET PAPAR
1425,KEDAI RUNCIT TABARANI
1426,NZ KOPITIAM
1427,MEDAN SELERA PEKAN RABU
1428,FOOD COURT ( LG MIDVALLEY CITY )
1429,RESTORAN ANIS PUTRI
1430,MEDAN SELERA PASAR BATU 5
1431,FOOD COURT ( KOMPLEKS KOMUNITI PERNIAGAAN SENTUL )
1432,RESTORAN NADYLA
1433,RESTORAN ROCKY
1434,MEDAN SELERA SRI PANTAI ( RESTORAN KELUARGA PAK AYOP )
1435,LIM SENG LEONG
1436,FOOD COURT ( AEON METRO PRIMA )
1437,RESTORAN CHEAN LI SHIANG
1438,RESTORAN KAK CHIK
1439,RESTORAN OOI SOON
1440,RESTORAN IKHWAN TIMUR
1441,RESTORAN NASI KANDAR PULAU PINANG ( MOHD YASEEM )
1442,FOOD COURT ( PASAR BESAR TAMAN TUN DR ISMAIL )
1443,MEDAN SELERA STESEN BAS JALAN DUTA
1444,RESTORAN OK
1445,RESTORAN FIRDOUSE
1446,MEDAN SELERA JALAN RAJA MUDA ABDUL AZIZ
1447,RESTORAN 833
1448,RESTORAN HAMEEDIA
1449,RESTORAN HAJRIS BISTRO
1450,FOOD COURT PUSAT PENJAJA BANDAR SRI PERMAISURI
1451,RESTORAN NASI KANDAR MAHMUD
1452,PASARAYA JAYA GADING SDN.BHD
1453,RESTORAN HJ. MIDIN MURTABAK
1454,AL-TAQWA TAWAKKAL SDN.BHD
1455,PASAR MINI PAK YA
1456,RESTORAN FARSAL NASI KANDAR
1457,UPWELL SUPERMARKET SDN. BHD. (BAU)
1458,RESTORAN SEVEN STAR
1459,RESTORAN NASI KANDAR RAFEI ALI
1460,PUSAT PERNIAGAAN MATAHARI SDN BHD
1461,PASAR LEMBAH SUBANG DAMANSARA
1462,RESTORAN NASI KANDAR PELITA (JELUTONG)
1463,PASARAYA SUPER SEVEN ( PLAZA ANGGERIK )
1464,PASARAYA MADINA
1465,FOODCOURT TESCO DESA TEBRAU
1466,KEDAI MAKAN ASAM PEDAS POWER
1467,FOODCOURT TAMAN FREE SCHOOL
1468,HONG GUAN MINI MARKET
1469,RESTORAN ADZIE
1470,HASSAN KASSIM ENT
1471,SING KWONG
1472,REFAH CAFE
1473,MDS MART TATAU
1474,SB MAMA CAFE
1475,MEDAN SELERA MEDAN JAYA
1476,POPULAR CORNER
1477,KEDAI SEBELAH PEJABAT POS
1478,RESTORAN NASI KANDAR SUBAIDAH
1479,TEKSI CORNER
1480,RESTORAN HAPPY (RESTORAN CINA)
1481,SOH TONG BEE
1482,RESTORAN NASI KANDAR IMPIAN (INDIA MUSLIM)
1483,WARUNG ROSE FAMILY
1484,MYDIN SEREMBAN 2
1485,PASARAYA SERI  UTAMA SDN. BHD. (CAWANGAN BOHOR PULAI)
1486,AF MAJU JAYA ENTERPRISE
1487,RESTOREN SYED
1488,PARKWELL DEPARTMENTAL STORE SANDAKAN
1489,MEDAN SELERA KANGAR
1490,MEDAN SELERA PADANG BESAR
1491,SELERA ANJUNG SURI
1492,GERAI NO. 6: SHARIFAH NUR CATERING
1493,SOON LEE COFFEE SHOP
1494,RESTORAN ASIAN NASI KANDAR
1495,KUANTAN PARADE PAHANG
1496,RESTORAN JUMAAT
1497,MAJID STORE
1498,PASAR MINI MELATI JAYA
1499,"KEDAI LIM KEE, KUALA KANGSAR"
1500,KEDAI MAKAN SALOR INDAH
1501,"GERAI MAKANAN & MINUMAN NIZAM, SUNGAI SIPUT"
1502,"KEDAI KOPI LEONG KEE, PADANG RENGAS"
1503,ANJUNG SELERA J
1504,MEDAN SELERA PASAR SUMAYYAH
1505,"RESTORAN BITAH, KUALA KANGSAR"
1506,ATHIRAH TOM YAM & SEAFOOD
1507,REMEMBERING RESTAURANT
1508,"RESTORAN RAHMANIAH, PDG. RENGAS"
1509,KEDAI MAKAN ENG KEE
1510,22 MART
1511,ROHANI BT. SALLEH
1512,RA WAWASAN ENTERPRISE
1513,LALANG SUPERMARKET SDN. BHD.
1514,RESTORAN MIRASA
1515,MEDAN SELERA MEGA ( JLN KLANG LAMA )
1516,HARON BIN MOHAMED
1517,KEDAI TUKAR ABE JAK (CHE ABDUL RAZAK)
1518,ENG JOO MINI MARKET
1519,KEDAI JIMAT JELI
1520,SUNGAI BERUDANG ENTERPRISE
1521,SOON HEONG RESTAURANT
1522,NASI KANDAR ALOR LINTANG
1523,MEDAN SELERA JERTEH
1524,GIANT KULIM
1525,PASAR BORONG GUCHIL
1526,TESCO KULIM
1527,EMPORIUM HOCK KEE SENG SDN BHD CAW.TANJUNG
1528,PELITA SAMUDRA PERTAMA
1529,PASAR MINI GI (TEBRAU)
1530,TRELEAF GONG TOK NASEK
1531,KEDAI RUNCIT CHOP CHIN HUAT
1532,PASAR TAMU MAJLIS DAERAH BETONG
1533,FAROUK MAJU
1534,MEDAN SELERA PASAR KOMUNITI STUTONG
1535,YAT FONG HERBS 'N' FOODS SDN. BHD.
1536,IMA MINI MARKET
1537,PASARAYA HALAL ANA
1538,PASAR MINI JIMAT SG SIPUT
1539,PASAR MINI T & T
1540,PASAR MINI PUSAT PEMBELIAN SHEN YEE
1541,"PASAR BESAR SEREMBAN, NEGERI SEMBILAN"
1542,PASARAYA JAYA GADING SDN BHD
1543,KEDAI RUNCIT THINOGARAN
1544,MASLEE LARKIN IDAMAN
1545,ECONSAVE KLEBANG
1546,SAVE MINI MARKET TASEK
1547,DM MINI MARKET
1548,PASARAYA SEM AH YEM
1549,PERNIAGAAN TENAGA CERGAS KAMPAR
1550,MYDIN PARIT BUNTAR HYPERMARKET
1551,PASARAYA KIP MART TAMPOI
1552,PASAR MINI RIZQ (PULAI)
1553,PASAR AWAM PERLING
1554,LOTUSS STORE (TESCO JITRA)
1555,GOLDEN DRAGON CITY SUPERMARKET PUTATAN
1556,MYDIN WHOLESALE HYPERMARKET KULAI UTAMA
1557,AEON MALL KULAIJAYA
1558,ECONSAVE SENAI
1559,RESTORAN BUNGA DAHLIA
1560,RESTORAN TAI CHONG
1561,GERAI MPKU (MEDAN SELERA)
1562,PASAR AWAM PALOH
1563,CHEE YI MINI MARKET
1564,LEE & LEE SHOP
1565,MYDIN WHOLESALE HYPERMARKET BERTAM
1566,MEDAN SELERA BANDAR BARU UDA
1567,"RESTORAN OSMAN (JLN PADI EMAS, BBU)"
1568,RESTORAN HUP HENG
1569,KATARI MART
1570,PASAR AWAM SENGGARANG
1571,PASAR AWAM PARIT SULONG
1572,RESTORAN SALAM (M) SDN BHD.
1573,KEDAI RUNCIT ANEKA
1574,PASAR MINI KASIHKU
1575,PACIFIC HYPERMARKET & DEPT. STORE SDN BHD
1576,GMART TAMPARULI
1577,RESTORAN NASI ULAM NILAI
1578,RESTORAN SUTERA BAYU
1579,PASARAYA DENWAY
1580,PASAR AWAM KUALA KLAWANG.
1581,PASAR BESAR TAMPIN
1582,AEON CO.(M) BHD.
1583,MEGAH SUPERMARKET (BANTING)
1584,FOODCOURT MYDIN
1585,CITY MEWAH (SRI SAYANG)
1586,ECONPOINT
1587,BATARAS HYPERMARKET
1588,LAYANGAN SUPERSTORE
1589,KEDAI NASI AYAM GOLEK
1590,D'MART TENGGAROH 2
1591,D'MART FELDA NITAR 2
1592,PERNIAGAAN ARIFF BERJAYA
1593,D' MART TENGGAROH 5
1594,PASARAYA XIRI KUALA BERANG SDN BHD
1595,PASARAYA MUSLIMAH
1596,PASAR MINI 88 SPEED MART
1597,KEDAI RUNCIT ABD RAZAK
1598,KEDAI RUNCIT RASULDEEN ( SETIAWANGSA )
1599,KEDAI RUNCIT MURAH RAYA
1600,JALIL MINI MART
1601,PASAR MINI AL FATIMAH
1602,MECCA STORE
1603,BALAN MINI MARKET
1604,TING FAMILY MART
1605,KEDAI UBAT & RUNCIT KIM LOY
1606,KEDAI RUNCIT BHUIYEN
1607,RIAS MINI MARKET
1608,JAYA CAFE
1609,GUNUNG RAPAT TONG FONG
1610,PANTAI TIMOR MART LUBOK JONG
1611,"KEDAI MAKANAN DAN MINUMAN SERI BANANG, PELADANG MANONG"
1612,RESTORAN NASI KANDAR TAVAKKAL
1613,KEDAI KOPI HAILAM SIN MOH SENG
1614,POON KEE FAST FOOD
1615,C-MART ALOR SETAR
1616,ECONSAVE KAMPAR
1617,K&L FARMING INDUSTRIES SDN. BHD. (FAIR PRICE)
1618,DUSANA CAFE
1619,RESTORAN SKY DELICIOUS
1620,KEDAI KOPI DAN MEWA
1621,RESTORAN HOE PENG
1622,RESTORAN ROS MERAH
1623,RESTORAN LI EU
1624,RESTORAN M. BAHARUDEEN
1625,JAYA MURNI SUPERMARKET SDN BHD
1626,ON ON TRADING SDN BHD
1627,"KEDAI KOPI GOOD LUCK, KOTA MARUDU"
1628,"RESTORAN MADINAH, PITAS"
1629,RESTORAN SEDIA MENANTI
1630,SETIA JAYA MINI MARKET
1631,D'UTAMA
1632,"RESTORAN ERA, BALUNG"
1633,RESTORAN HONG TA
1634,FOODCOURT TESCO KULIM
1635,"KEDAI MAKAN MINUM ADIK & ABANG, SIPITANG"
1636,RESTORAN PROFESSIONAL KUALA PENYU
1637,GMART RANAU
1638,GREAT VALUE STORE
1639,MY SHOP
1640,PASARAYA KWONG SEN
1641,PASAR MINI MY SHOP KOTA BELUD
1642,KEDAI RUNCIT YAS
1643,88 FRESHMART
1644,MOKTAR TRADING
1645,RESTORAN SICKENTER
1646,RESTORAN SYED ALI
1647,NAMLEONG DEPARTMENTAL STORE
1648,FOODCOURT TESCO (JITRA)
1649,KAK CHIK KEDAI MAKAN
1650,BRIAYANI CURRY HOUSE
1651,SERVAY JAYA HYPERMARKET
1652,PASARAYA TF VALUE MART SDN BHD (BERA)
1653,PASARAYA BS FRESH MART JERANTUT SDN BHD
1654,IMPERIAL DUCK RESTAURANT SDN BHD
1655,NATRAH RESTOREN
1656,SEK YOW FOOK RESTORAN
1657,RESTORAN TAN NIONG KEE
1658,ERA TUAH SUPERMART SDN. BHD
1659,NEW CHP GUAN ECONMART
1660,KEDAI EKONOMI
1661,DE MARKET ( KNL MARKET SDN BHD )
1662,TF VALUE MART GERIK
1663,RESTORAN WAJIBALI SUNGAI DUA
1664,JMS SUPERMART (TAMBUN) SDN BHD
1665,PASARAYA KK
1666,IMPIAN MINI MART
1667,PASARAYA PANTAI TIMUR BUKIT BUNGA
1668,PASARAYA SIONG HO
1669,ECONSAVE CASH & CARRY SDN. BHD. (SLIM RIVER)
1670,HUSSAIN NASI KANDAR
1671,HALOO MART
1672,KEDAI RUNCIT PALM COURT TRADING
1673,RESTORAN RAHIM SHAH
1674,TUNAS MANJA SUPERMARKET (DUNGUN) SDN. BHD.
1675,THE PLACE HYPERMARKET SDN BHD
1676,"MYFARM OUTLET, RTC TUNJONG"
1677,PASAR MINI 99 SPEEDMART PRESINT 11
1678,RESTORAN JOHAN SELATAN
1679,JUST ME CAFE
1680,XING FU RESTAURANT
1681,KOPERASI PERWAJA KEMAMAN BERHAD
1682,PASAR BORONG KOTA KENARI
1683,PASAR AWAM NILAI
1684,TUNAS MANJA SUPERMARKET (TAMAN TAS) SDN BHD
1685,PASARAYA TF VALUE MART BENTONG 2
1686,MY HERO HYPERMARKET PRESINT 3
1687,LOTUS’S IOI MALL PUTRAJAYA
1688,MEDAN SELERA TUNKU ABDUL RAHMAN
1689,PASAR AWAM SRI AMAN
1690,BAFANA ROASTERS
1691,RESTORAN MAMU PENANG
1692,RESTORAN CITRA SURIA UTAMA
1693,RESTORAN OUR KOPITIAM
1694,DEENS UJANA KEWANGAN
1695,RESTORAN 96
1696,RESTORAN FARIZAH
1697,RESTORAN JJ NAZA
1698,ECONSAVE CASH & CARRY (LD) SDN. BHD
1699,MEDAN SELERA JALAN PASAR MUKAH
1700,FOODCOURT RIA
1701,RESTORAN NUR AZMINA CURRY HOUSE
1702,NAWAB CAFE
1703,MYDIN MALL BUKIT MERTAJAM
1704,PASAR MINI PASARAYA WELL MART
1705,AMZ HYPERUNCIT
1706,ALI HYPERMARKET
1707,TRELEAF MART SDN. BHD. (PASIR PANJANG)
1708,KEAT GARDEN CAFE
1709,ECON INDAH ENTERPRISE
1710,RESTORAN CAHAYA AL AMIN
1711,THE STORE TEMERLOH
1712,PASAR PETAGAS
1713,NAM LEONG (DALAT) SUPERMARKET
1714,ROZITA BT AHMAD
1715,GIANT SUPERSTORE KANGAR
1716,QIMILY MINI MARKET
1717,KEDAI RUNCIT AMINAH BT MAMAT
1718,GOOD LUCK RESTAURANT
1719,MEDAN DEPARTMENTAL STORE SDN BHD (MEDAN MALL)
1720,KEDAI RUNCIT KN BAKARTHEEN
1721,RIZQ JAYA TRADING
1722,MATAHARI CAFE ENTERPRISE
1723,JAYA GROCER ( INTERMARK MALL )
1724,THE STORE ( M3 MALL TMN MELATI )
1725,RESTORAN SUTERA
1726,SKHMP BORONG- PASAR AWAM JOHOL
1727,D NARA TOMYAM SEAFOOD
1728,PASAR MINI 99 SPEEDMART TAMAN SELAYANG JAYA
1729,"RESTORAN D' RAHMANIAH, BUKIT CHANDAN, KUALA KANGSAR"
1730,AWAH ALIFA API-API CENTER
1731,GIANT HYPERMARKET ( SETAPAK )
1732,CANTON CITY
1733,HERO MARKET ( BERJAYA TIMES SQUARE )
1734,IJ SELERA KAMPUNG
1735,RESTORAN HAYATI
1736,MYFARM OUTLET PRESINT 7
1737,CITY FRESH MART BANDAR
1738,CITY FRESH MART SEMARAK
1739,INSTAR SUPERFRESH
1740,BILLION JELAPANG
1741,AEON MALL KOTA BHARU
1742,TF VALUE MART
1743,PASARAYA PXR WAKAF TAPAI
1744,KEDAI KOPI KANG FATT
1745,LULU HYPERMARKET
1746,TF VALUE MART SRI MANJUNG
1747,PASARAYA MESRA JIMAT
1748,KEDAI MAKAN KAK WATI
1749,PASARAYA SERI UTAMA (KUALA PERLIS)
1750,RESTORAN ROMPIN BARU
1751,KAMA AIR KELAPA
1752,PASARAYA LYC KG PADANG
1753,NIDZAM SOLEH ENTERPRISE
1754,AZREEN CAFE
1755,MY FOODCOURT & TIARA RESTAURANT
1756,INTERNATIONAL CAFE & CO
1757,GIANT JERTEH MALL
1758,RESTORAN SANGKAPURA
1759,SELERA KAMPUNG YUZALI
1760,R&R SEMANGGOL
1761,XR MART (910719X)
1762,HUMAIRA BERKAT TRADING (TR0144765-A)
1763,TONG YUAN CAFE
1764,NEW MEI SING COFFEE SHOP
1765,KEDAI RUNCIT SHAHIDAN SHIDE TRADING
1766,Q-MART
1767,TRELEAF MART BUKIT PAYONG
1768,SRI PERDANA MINI MART
1769,SARI COLD STORAGE
1770,KEDAI RUNCIT ROHANI
1771,SYARIKAT BUBULJAYA
1772,STOR DINGIN ANG LEE
1773,LAWAS SUPERMARKET & HARDWARE SDN BHD
1774,RESTORAN MUTIARA JUNJUNG
1775,RESTORAN NASI KANDAR ALAMIN(YASEEN)
1776,"KEDAI WONG, SONG"
1777,SERVAY JAYA SUPERMARKET SDN. BHD.
1778,AEON MAXVALU PRIME ( SUNWAY VELOCITY MALL )
1779,99 SPEED MART ( TAMAN MIHARJA )
1780,PASAR MINI PASARAYA FAHIM
1781,PASAR MINI JAMANI
1782,COSMO FAMILY MART
1783,PASAR MINI IKHWAN MART ( NM IKHWAN )
1784,PASAR MINI PASARAYA CF
1785,99 SPEED MART ( TTDI 1 )
1786,PASAR MINI MITA JAYA
1787,KEDAI RUNCIT AZHABAUL BAIT ENTERPRISE
1788,JAYA GROCER ( THE GARDENS MID VALLEY )
1789,NAM LEONG DEPARTMENT STORE (BETONG) SDN BHD
1790,MEDAN DEPARTMENTAL STORE SDN BHD
1791,DOREMART SDN. BHD. BETONG
1792,RIZQ MAJU JAYA TRADING
1793,PKT KUALA KRAI SDN. BHD.
1794,PASARAYA PKT (ST) SDN. BHD. (CAWANGAN KAMPUNG APEK)
1795,PASARAYA MEMPAGA FRESH BENTA
1796,RESTORAN SRI BONGAWAN CAFE & CATERING
1797,PASARAYA SUPERMAS
1798,PASARAYA AMWAN
1799,SK FRESH & FROZEN (FROZEN) SDN BHD
1800,NURZANAH'S CATERING & MANAGEMENT
1801,PELITA CAFE
1802,GERAI NO. 3: FATIMAH HAJI MAWI
1803,NEW WA WA RESTAURANT
1804,RESTORAN HABEEB SULTAN
1805,RESTORAN TUNG XUAN
1806,RESTORAN AFEZZAR & ZAINA
1807,RESTAURANT HAPPY
1808,CHING FAH COFFEE SHOP PENAMPANG
1809,JAYA GROCER ( PEARL SHOPPING GALERY )
1810,LOTUS'S BERTAM PERDANA
1811,KEDAI MAKAN DAN MINUMAN PAK NDAK HAMZAH
1812,RESTORAN NASI KANDAR ABC SUNGAI PUYU
1813,PKT PASIR PUTEH
1814,PASARAYA FRESH HUB
1815,KEDAI RUNCIT IZI MART
1816,KEDAI MAKAN DAN MINUM NAYAN BIN AYOB
1817,GIANT SUPERSTORE TUNJONG
1818,SHUANG-LIM CASH & CARRY
1819,RESTORAN BUNGA EMAS
1820,PASAR MINI PAK AJI FRESH MART
1821,RESTORAN MEK TOM YAM
1822,RESTORAN IBRAHIM MAJU ( TITIWANGSA )
1823,VILLAGE GROCER ( KL GATEWAY MALL )
1824,PASAR SITI SARAH SELISING
1825,PASAR BATANG KALI
1826,G-MART BORNEO RETAIL SDN BHD
1827,KEDAI RUNCIT SHIMA JAMIL
1828,ARIDAH POHON TANJUNG
1829,RESTORAN AMAN YUSOF (RESTORAN INDIA MUSLIM)
1830,"PASARAYA PANTAI TIMOR, TUMPAT"
1831,PASARAYA STAR GROCER ( TMN MULIA )
1832,TUNAS MANJA GROUP (TMG)
1833,ZULFIA SUPERSTORE SDN BHD
1834,ROZUKI BIN MOHAMED
1835,RESTORAN BAR WANG RICE
1836,TL MART SDN BHD
1837,KEDAI RUNCIT ROSLI
1838,RESTORAN MAK ITAM
1839,RESTORAN SAJI RAHMAT
1840,AUNIEY FOOD JUNCTION
1841,RUMAH MAKAN PAK CU TAWANG
1842,RESTORAN KIONG KEE
1843,FARLEY KOTA SAMARAHAN
1844,ANN LEE RESTORAN
1845,GMART BORNEO RETAIL SDN BHD - TAMBUNAN
1846,EMART (BATU KAWA) SDN. BHD.
1847,H&L AIMAN MALL
1848,KEDAI MAKAN KAK LAH
1849,KEDAI MAKAN R&R
1850,KEDAI ROTI CANAI SULAIMAN
1851,SYLINMAS ENTERPRISE
1852,RESTORAN POHON JATI
1853,INSTAR SUPERFRESH S/B (SIN ONN)
1854,TAI YANG SUPERMARKET
1855,CITY  FRESHMART BATU 2
1856,INSMARK SUPERFRESH
1857,GENTINGMAS MALL
1858,CITY FRESHMART (HILLTOP)
1859,CITY FRESHMART (BANDAR SRI INDAH)
1860,G-MART
1861,AEON BIG SUTERA MALL
1862,SIN CHIN HIN
1863,NEW MADINA MINIMARKET
1864,SMS MAJU SOLUTION
1865,AGRO BAZAAR
1866,SING KEE TRADING
1867,ECONSAVE CASH & CARRY (EM) SDN. BHD
1868,KEDAI MAKAN CHE NOH LIMBONGAN
1869,INDAI MINI MART
1870,KABAN MINI MART
1871,PASAR AWAM MAHARANI
1872,PASAR AWAM TANGKAK
1873,HERO MART JALAN GASING
1874,PASARAYA WELL MART KOTA DAMANSARA
1875,A HONG'S GROCER
1876,NEW WORLD MART (MIRI) SDN BHD
1877,PASAR MINI KELUARGA BEKENU
1878,MELIGAI SUPERMARKET
1879,SING KWONG (KIN ORIENT PLAZA) SUPERMARKET
1880,AM FAMILY MART SDN. BHD.
1881,99 SPEEDMART SEPANG
1882,FAMOUS PELITA CAFE
1883,ECONSAVE CASH & CARRY (PP)
1884,TL MART (SELISING) SDN. BHD.
1885,"ONE STOP FRESH MART, UA"
1886,MALAWAR TRADING SALUT
1887,KEDAI LAI YAIP TANJUNG ARU
1888,PEI LEE MARKETING PETAGAS
1889,CHEONG SENG MINI MARKET PAPAR
1890,ARAFAT MINI MARKET SABINDO
1891,KEDAI SING HING LIKAS
1892,KALOSHAH TRADING KINGFISHER PLAZA
1893,CHUA SOON SENG PENAMPANG
1894,TF VL MART
1895,PASAR MINI SEGAR ZH PRESINT 11
1896,PASAR MINI ASFA MAJU PRESINT 15
1897,PASAR MINI BORONG BIG BAZAAR PRESINT 8
1898,SYED BISTRO PAS SHAH ALAM
1899,FOOD COURT GIANT SEK 13
1900,MEDAN SELERA SEKSYEN 2 SHAH ALAM
1901,RESTOREN AZIRA SEKSYEN 10
1902,RESTORAN ALI MAJU SDN BHD
1903,FOODCOURT  TESCO HYPERMARKET RAWANG
1904,RESTORAN D'DESARIA
1905,YUSRI BIN YUSOFF
1906,DOA MAJU SDN BHD
1907,NEW SIN TECK HONG
1908,POPULAR FOODCOURT
1909,BAYAN MUHIBBAH ENTERPRISE
1910,PASARAYA KAWAN KITA SDN.BHD.
1911,NSK TRADE CITY ( JALAN PEEL )
1912,PERNIAGAAN KIM FAR
1913,ECONSAVE SERI ISKANDAR
1914,PASAR MINI MEDAN JAYA
1915,RIANXENG TRADING SDN BHD
1916,RESTORAN QASEH ADINDA
1917,RESTORAN 3B
1918,RESTORAN NASI KANDAR IMPIAN
1919,G NOODLES (FOODCOURT GIANT)
1920,KAFE IKHWAN PRESINT 15
1921,BJ STATION BAGAN JERMAL
1922,RESTORAN USTAZ TOMYAM
1923,NOOR RESTORAN
1924,ANGEE WHOLESALE SDN. BHD
1925,PASAR MINI BORONG BIG BAZAAR PRESINT 11
1926,PERNIAGAAN HING KWAN
1927,FOODCOURT TESCO
1928,CHANG LE CATERING RESTAURANT
1929,PASARAYA SAMAMAJU (D) SDN. BHD.
1930,PASARAYA SUPER SEVEN ( VIVA HOME )
1931,LO BAK RICE CORNER
1932,BATARAS SUPERSTORE
1933,KEDAI RUNCIT MOHD FAUZI BIN MERANG
1934,AZZURI MART
1935,NIRWANA MAJU (KUALA BERANG) SDN. BHD.
1936,PASAR BASAH PAKA (DUNGUN)
1937,PASAR MINI ADUKA
1938,KEDAI RUNCIT TAFAZ MAJU BLOK A PRESINT 11
1939,PASAR TANI KEKAL (KERTEH)
1940,MYDIN HYPERMARKET VISTA TUNKU
1941,RESTORAN AL BAIK
1942,NICE TO EAT KOPITIAM
1943,PASARAYA BS TEMERLOH SDN BHD
1944,RESTORAN MASS WIRA
1945,RESTORAN NAIMAH 1 MALAYSIA
1946,RESTORAN YOON LEE
1947,FATT LEE COFFEE SHOP
1948,KEDAI JUNAIDAH BINTI ABDUL RAHIM
1949,NABILA TOMYEM MASAKAN KAMPONG
1950,GERAI NO.1
1951,RESTORAN NAJATH CAWANGAN BENTONG
1952,RESTORAN PAH BEDAH
1953,KAK JAH & FAMILY
1954,YUNG SIANG ENTERPRISE SDN BHD
1955,KEDAI FUI FAH
1956,MAMAK CURRY HOUSE 24 JAM
1957,C-MART SDN BHD NIBONG TEBAL
1958,PASAR AM MEMBAKUT
1959,RESTORAN SHAZA MAKMUR
1960,RESTORAN JAMAL SALIM SEMBULAN
1961,RESTORAN IDAMAN
1962,TRELEAF MART SDN. BHD. (KUBANG JELA)
1963,TRELEAF MART WAKAF TENGAH
1964,PASARAYA MARANG (TR0048869-K)
1965,PERNIAGAAN AWANG M.A.R
1966,PASARAYA SINAR MEGA
1967,TRELEAF MART TOK JIRING
1968,PASAR MINI DARUSSALAM PRESINT 16
1969,QUEEN CHAR KUEY TEOW
1970,KAK SAH KEDAI MAKAN
1971,RESTORAN TOONG NAM
1972,RESTORAN JINGGA EMAS ENTERPRISE
1973,JOE CORNER
1974,UMMIE MEE REBUS (CHE SOM BINTI ABU BAKAR)
1975,RESTORAN KENG NAM HAI
1976,MALABAR CAFE
1977,RESTORAN M GULAM RASUL
1978,RESTORAN CHAN WAH HO
1979,SRI MUTIARA MART
1980,NAURA BISTRO
1981,ISHAH BINTONG ENT (TMN BINTONG MEWAH)
1982,YS CAFE
1983,ST ROSYAM MART
1984,PASARAYA ECONSAVE LANGKAP
1985,RESTORAN NORA IKAN BAKAR
1986,ALIEF MAJU ENTERPRISE SDN BHD
1987,RESTAURANT SHIA JIA LOU
1988,RESTORAN NORIHAN
1989,RESEPI DAPUR
1990,LONGWAN GUAR CHEMPEDAK
1991,RESTORAN MUMTAZ
1992,RESTORAN MAKANAN DAN MINUMAN TUAN HAJI BUJANG BIN ABDUL RAHMAN
1993,RESTORAN SRI PEKAN
1994,PASAR MINI ARMADAJAYA
1995,PREMIS TEST
1996,OTEN'S @ RASA INDAH KAFETERIA
1997,RESTORAN ZURAIMI
1998,MYDIN HYPERMARKET MUTIARA RINI
1999,338 TIGA TIGA LAPAN MINI MARKET
2000,RESTOREN MAKANAN LAUT SOON SOON LAI
2001,HAPPY MART ENTERPRISE
2002,FOODCOURT PASAR RIA BELAWEI
2003,EVERWIN SUPERMARKET (SELANGAU)
2004,TIANG SOON
2005,NAM SENG
2006,KIAN SENG (SY JAYA BUMI)
2007,HASANAH HAJI BOS
2008,SON ENTERPRISE
2009,MOHD CHE ANUAR KEDAI RUNCIT
2010,CHOP GUAN SENG (GS MART)
2011,KEDAI RUNCIT JADILMAN
2012,I MART XCEL SDN. BHD
2013,ECONSAVE AMPANG
2014,AEON BIG FALIM
2015,TF VALUE MART BOTANI
2016,AEON BIG ( DANAU KOTA )
2017,SAVE MINI MARKET ST.18
2018,99 SPEEDMART AMPANG
2019,99 SPEEDMART LAPANGAN PERDANA (BOTANI)
2020,99 SPEEDMART JERAM
2021,MK MINI MARKET
2022,BATARAS SUPERSTORE (KOTA MARUDU)
2023,COLA AGENCY & TRADING S.B
2024,NEW 2099
2025,MAJU TRADING
2026,CHOP HOCK HAI
2027,GERAI GLB-3 HENTIAN R&R CHENEH
2028,RUMAH MAKAN LAWA-LAWA
2029,GIANT SERI KEMBANGAN
2030,HERO MARKET KELANA JAYA
2031,99 SPEEDMART JALAN TUN SABAN
2032,99 SPEED MART SDN BHD (CAWANGAN SIMPANG)
2033,99 SPEED MART
2034,99 SPEEDMART TAMAN RENGAS JAYA
2035,99 SPEEDMART TAPAH
2036,PASAR MINI 99 SPEED MART SDN BHD
2037,99 SPEEDMART SERI MANJUNG
2038,WILAYAH FRESH MART
2039,SRI MEWAH MARKETING SDN BHD
2040,LOTUS'S BAGAN AJAM
2041,RESTORAN RAMAI RAMAI ORANG
2042,SINYIN MART SDN. BHD.
2043,TUNAS MANJA SUPERMARKET (JERANTUT) SDN BHD
2044,ECONSAVE CASH AND CARRY (TRI) SDN BHD
2045,BS FRESH MART
2046,99 SPEEDMART
2047,ECONSAVE CASH & CARRY KUCHING
2048,CS MINI MARKET MJC
2049,CS MINI MARKET TABUAN TRANQUILITY
2050,CS MINI MARKET SENTOSA PARADE
2051,RESTORAN SOFIEA
2052,PASAR MINI LAI LEK
2053,PASAR BORONG KLANG
2054,NSK TRADE CITY (PANDAN) SDN BHD
2055,PASAR BORONG KUALA LUMPUR
2056,PASAR BORONG KANGAR
2057,PASAR BORONG KAMUNTING
2058,PASAR BORONG PANDAN KANGKAR TEBRAU
2059,PASAR BORONG SEGAMAT
2060,PASAR BORONG KOTA TINGGI
2061,HM CURRY HOUSE
2062,VIETZ STATION
2063,KEDAI RUNCIT IKMAL
2064,TRELEAF MART BINJAI RENDAH
2065,PASARAYA XIRI GONG DATOK
2066,LULU HYPERMARKET ( TMN SHAMELIN )
2067,SAVEMORE SUPERMARKET PLT
2068,PASARAYA AJ BEST ( CHOW KIT )
2069,SEGI FRESH KUALA KANGSAR
2070,BATARAS HYPERMARKET GRAND MERDEKA
2071,88 FRESH MART INANAM
2072,FRIEND MINI MART
2073,PASAR INANAM
2074,TRELEAF AJIL
2075,PASARAYA EKONOMI SOON KEE SDN.BHD
2076,7 ELEVEN SEAFEST SQUARE
2077,NOR AINI BT. SALLEH
2078,GERAI SELERA PANTAI TIMOR
2079,RESTORAN AL MUBIN MAJU
2080,MIDIEY MOHD ENTERPRISE
2081,NASI KANDAR AHMAD
2082,WARUNG SARI MINANG
2083,RESTORAN RAFIZAH
2084,RESTORAN BAKTI
2085,SUPER SEVEN CHERAS JAYA
2086,ECONSAVE JALAN REKO
2087,99 SPEEDMART GREENTOWN
2088,PASARAYA BS TEMERLOH SDN BHD (CAWANGAN MENTAKAB)
2089,KOMPLEKS PASAR BORONG KEMUNTING
2090,MYDIN MART PADANG JAWA
2091,TESCO EXTRA ARA DAMANSARA
2092,RESTORAN SELERA MAIRA
2093,SK FROZEN AT ENTERPRISE
2094,LEPAPA HYPERMARKET
2095,MYDIN WHOLESALE HYPERMARKET GONG BADAK
2096,HALIMATUS
2097,PELADANG E-MART
2098,ECONSAVE TAMPIN
2099,KIFARAH ENTERPRISE
2100,WAN LEE HENG CASH & CARRY ( KEPONG )
2101,LOTUS'S WANGSA WALK
2102,NORINAH CAFE & RESTAURANT
2103,NASI KANDAR LINE CLEAR
2104,KEDAI MAKAN DAN MINUMAN YONG HUA
2105,KEDAI RUNCIT HASSAN MAJU
2106,DOREMART SDN. BHD. SRI AMAN
2107,MR. BIM CAFE
2108,JAYA GROCER ( VERVE MONT KIARA )
2109,VILLAGE GROCER ( EKO CHERAS MALL )
2110,GERAI KAK MAH
2111,PEEL ROAD HAKKA YTF RESTAURANT
2112,FOOD COURT ( TESCO EXTRA CHERAS )
2113,RESTAURANT 1168
2114,RESTORAN HARRAZ
2115,TIAN XIA COFFEE SHOP
2116,UNCLE NG RESTAURANT
2117,CPN RESTAURANT
2118,THE MAYANG PLACE
2119,FOOD COURT ( AEON BIG WANGSA MAJU )
2120,RIAM FOODCOURT
2121,RESTORAN IKHWAN
2122,MEDAN SELERA PUSAT PENJAJA JLN JUJUR ( GERAI SUKARAMAI SAEDAH )
2123,RESTORAN KAK NIK PATIN HOUSE
2124,RESTORANT SIN DAIMA HOKKIEN MEE
2125,PASARAYA MAJU AHAMMAD
2126,FOODCOURT TESCO SEKSYEN 13
2127,KIKI MINI MARKET
2128,FRESH MART BRO & SIS SDN BHD
2129,99 SPEEDMART ( KEPONG BARU 1 )
2130,RESTORAN WAN YEE
2131,RESTORAN RASA OMAK DEN
2132,RESTORAN SHUN YAN
2133,PASARAYA FRESH GROCER
2134,PASAR MINI MOHD ISA
2135,CAFETERIA IDAMAN
2136,RESTORAN DOUBLE ONE
2137,HALIMAH BINTI MAT HASSAN
2138,FATIRAH RESTORAN (2)
2139,RAJA MARINI RAJA OMAR
2140,NAPI KEDAI MAKAN
2141,RESTORAN ABDUL MUTALIB
2142,RESTORAN PARADISE COFFEE CORNER
2143,ROHANNA BINTI OSMAN
2144,HASLINA RESTAURANT
2145,ASAM PEDAS MERECIK MAMA
2146,RESTORAN SALAMATH
2147,BAN YEOW SEAFOOD RESTAURANT
2148,RESTORAN SERI ILHAM
2149,RESTORAN TONG TIN CHEONG
2150,FOOD COURT HYPERMARKET AEON SERI MANJUNG
2151,FOODCOURT ECONSAVE SERI ISKANDAR
2152,RESTORAN AL-BAYAN (DMALL SERI ISKANDAR)
2153,TASTE OF ASIA ( BERJAYA TIMES SQUARE )
2154,MEDAN SELERA PUSAT PENJAJA KG. PANDAN
2155,FOOD COURT INTERMARK MALL
2156,MEDAN SELERA PRESINT 11
2157,FOODCOURT IOI CITY MALL
2158,AL NAZ MAJU PRESINT 11
2159,MEDAN SELERA PRESINT 9
2160,RESTORAN NASI KANDAR FN BISTRO PRESINT 9
2161,RESTORAN ZFF ORE KAMPUNG
2162,D'PATIN MZ CAFE PRESINT 18
2163,MEDAN SELERA SEK 7
2164,FOOD COURT TESCO SETIA ALAM
2165,RESTORAN HATINIE
2166,MEDAN SELERA MYDIN USJ
2167,RESTORAN KHALIFAH SEK 3
2168,RESTOREN SYED SEK 3
2169,FAHRAN CAFE
2170,COOPMART KOPERASI LADANG RAKYAT TERENGGANU BERHAD
2171,RABIAH CURRY HOUSE
2172,MEDAN SELERA BAMBOO KID
2173,RESTORAN SHARAFAT
2174,RESTORAN WARISAN TIGA SERANGKAI
2175,KZ FANI CAFÃ‰
2176,MIRACLE KITCHEN
2177,MAMA CAFÃ‰
2178,KAFE IKHWAN
2179,HJ OMAR RESTAURANT
2180,RESTAURANT CIU ZAU
2181,MEDAN SELERA JLN MUAR
2182,FOODCOURT U SENTRAL
2183,ECONSAVE CASH AND CARRY ( SCOTT GARDEN )
2184,MEDAN SELERA SERI  MANJUNG
2185,ECONSAVE CASH & CARRY SDN. BHD. (BATANG KALI)
2186,RESTORAN AYZA'S
2187,FOODCOURT TESCO SAUJANA IMPIAN
2188,MEDAN SELERA PASAR BANGI
2189,FAMILY W GROCER (TANJUNG MANIS) SDN BHD
2190,FAMILY W MART (KANOWIT)
2191,SERVAY JAYA SUPERMARKET SDN BHD
2192,QRS FRESH MART KKB
2193,RESTORAN AZHAR 25 JAM
2194,KAK SABARIAH KELI PECEL
2195,GERAI MDYP
2196,RESTORAN ZAINAB
2197,KEDAI MAKAN KAK LAH MUDA
2198,MYDIN TAMAN ANGGERIK
2199,BATARAS HYPERMARKET SEMPORNA
2200,WARNA KLASIK ENTERPRISE
2201,RESTORAN DOU QIAN
2202,U ALL MART (PASIR MAS) SDN BHD
2203,GAFU SUPERMARKET (MUKAH)
2204,EVERWIN SUPERMARKET (MUKAH)
2205,NAM LEONG DEPARMENT STORE (MUKAH)
2206,BEST FRESH MART
2207,TF VALUE MART BALIK PULAU
2208,ECONSAVE CASH & CARRY (ALMA) SDN BHD
2209,PASARAYA SEGI FRESH SEMENYIH
2210,BATARAS SUPERSTORE PAPAR
2211,NSK TRADE CITY ( KEPONG )
2212,SUPER SEVEN TRADE CENTRE (KLTS)
2213,EXPRESS MART 722
2214,LYBOY CORNER
2215,SHAMIZA BINTI MOHD NOR
2216,99 SPEEDMART TAMAN CANTIK
2217,PASAR SEGAR IRADAH BRIPO
2218,SUPER SEVEN FRESHMART (TAMAN INDAH)
2219,KEDAI RUNCIT JELOK JAYA (TAMAN INDAH)
2220,FOOD COURT AEON
2221,FOOD COURT TESCO
2222,FOOD COURT ECONSAVE
2223,RESTAURANT 168
2224,FATT SHUN RESTAURANT
2225,RESTAURANT THE RED ROSE
2226,RESTORAN RAHMAT PERDANA
2227,RESTORAN SEAFOOD SERI RASA
2228,RESTORAN KAK TINI PERDANA
2229,KRUA THAI TOMYAM SEAFOOD
2230,KITA GIGIH ENTERPRISE ( RESTORAN KITA)
2231,FOOD COURT CMART
2232,RESTORAN YASMEEN (ARAU) SENDIRIAN BERHAD
2233,KEDAI KOPI SATU DUA TIGA
2234,ARKED POKOK ASAM SATU RESTORAN
2235,E-ONE DIAMOND CORNER
2236,KEDAI MAKAN KAK TIMAH
2237,FOODCOURT LANGKAWI FAIR
2238,RESTOREN TOK KERAMAT
2239,EVA CAFE
2240,RESTORAN YASMEEN (NR)
2241,RESTORAN NASI KANDAR FEERAZ
2242,CHE TA D'CORNER MEDAN SELERA MAHSURI
2243,KEDAI KOLAM CAFE
2244,D'ANJUNG SERI
2245,KEDAI KOPI DAN MAKANAN MAT ISA ARIFFIN
2246,SAUDARA HANIFAH RESTORAN
2247,MINI STADIUM KELADI
2248,WARUNG BUNGA KERTAS
2249,FOODCOURT GIANT
2250,PASARAYA POKOK MANGGA
2251,PERTUBUHAN PELADANG KAWASAN MATA AYER
2252,BORONG WANN
2253,KEDAI RUNCIT AROKIAM AND BROTHERS
2254,SHAFF CAFE
2255,MY ISLAMIC CAFE
2256,GERAI MASAKAN MELANAU
2257,MEDAN RIA 14-15
2258,PASAR MINI MOHD. SALLEH
2259,PASARAYA SEJATI (MERLIMAU SDN. BHD)
2260,GERAI SRI KARANGAN
2261,BATARAS HYPERMARKET KENINGAU
2262,MEDAN SELERA STADIUM IPOH
2263,FOOD COURT ECONSAVE AMPANG
2264,FYE HOONG
2265,KHIOING KEE RESTAURANT
2266,SELERA D'ANJE
2267,RESTORAN NASI AYAM PAK MAN ANA
2268,RESTORAN HIJAS
2269,MJ CURRY HOUSE (M) SDN BHD
2270,GERAI CHE' SITI
2271,MEDAN SELERA TASEK (IPOH)
2272,FOOD COURT LOTUS'S BERCHAM (IPOH)
2273,RESTORAN FOOK SENG (TAPAH)
2274,YAN'S NASI CAMPUR & CATERING
2275,SERAMBI SANTAI (MANJUNG)
2276,RESTORAN ZHI QING
2277,RESTORAN MADINAH
2278,DJ NASI KANDAR LUMUT
2279,MEDAN SELERA PAKAR
2280,RESTORAN YEE LOK PARIT
2281,RESTORAN NASI VANGGEY
2282,RESTORAN AL-BAYAN BILLION SERI ISKANDAR
2283,MEE KARI IPOH
2284,NZ CURRY HOUSE
2285,99 SPEEDMART TAMAN KERAMAT PERMAI
2286,UGOMART (M) SDN BHD
2287,SHEPON ENTERPRISE
2288,RESTORAN TOM YAM MARINA BISTRO
2289,RESTORAN HONG INN
2290,ISLAMIAYA RESTORAN
2291,MELATI CAFE & TRADING
2292,BATARAS HYPERMARKET KOLOMBONG INANAM
2293,DAESCO HYPERMARKET
2294,BATARAS HYPERMARKET SANDAKAN
2295,MYDIN SEJATI HYPERMARKET
2296,GENTINGMAS MALL SDN. BHD
2297,CHAU SUI TECK (MAWAR) SDN. BHD
2298,MU SUPERSTORE SDN BHD
2299,RESTORAN SERI SAHABAT (PAYA RUMPUT)
2300,OREN DI SAWIT ENTERPRISE ( JR 0021798-T)
2301,JAYA GROCER D`PULZE CYBERJAYA
2302,ECONSAVE KIPMALL
2303,99 SPEEDMART TAMAN SEROJA
2304,PASAR SEGAR SAFIRA
2305,LOTUSS STORE TELUK INTAN
2306,ECONSAVE CASH & CARRY ( BS) SDN BHD
2307,PASAR SEJAHTERA TANJUNG PIANDANG
2308,PASARAYA BS (PJ) SDN. BHD (CAWANGAN KEMAMAN)
2309,PASARAYA TF VALUE MART SDN BHD
2310,KEDAI NASI KERTAS KOK LANAS
2311,SEGI CASH & CARRY SDN BHD (GOMBAK)
2312,SERVAY HYPERMARKET (SABAH) SDN BHD (INANAM)
2313,RESTORAN NAN HONG
2314,PASARAYA BORONG S.N.S ALI
2315,99 SPEED MART SDN BHD ( PETALING)
2316,LESTARI MINI MARKET
2317,PASAR MINI AM
2318,RESTORAN TANGKAK MADENA CURRY HOUSE
2319,KEDAI RUNCIT HOE LEE
2320,TARGET SUPERMARKET (BATU PAHAT) SDN BHD
2321,MEI JING SEAFOOD RESTAURANT
2322,RESTORAN D`EVERGREEN
2323,PREEYA MINI MARKET
2324,PASARAYA JIMAT BRINCANG
2325,KDI FRESH MART ENTERPRISE
2326,NASI KANDAR PADANG KOTA (PARIT BUNTAR) PERAK
2327,RESTORAN LIMRA ( GERIK )
2328,EMART TABUAN JAYA
2329,EVERWIN CENTRE SDN. BHD. (11TH MILE)
2330,LEPAPA SUPERMARKET MATANG
2331,PAK GROCER
2332,MUAR SOUP HOUSE ( DARUL MAHSYUR)
2333,RISEN SUN RESTAURANT
2334,88 LAWAS RESTAURANT
2335,"RESTAURANT HAJI TABIB, SINARAN TIGA SERI MURNI, LAWAS"
2336,D BEDAH CORNER
2337,KOPITIAM H SCHA
2338,MY MUM CAFÃ‰
2339,BAK KUT THE COTTAGE DELIGHT
2340,AHMAD FAIZOL BIN ABDUL RASHID
2341,SELERA AMBANG QASEH
2342,LOT 702
2343,RESTORAN HAZZIAN HAMZAH
2344,RESTORAN FAROUK MAJU
2345,WARUNG KELUARGA KAK MAH
2346,RESTORAN FAI LOK
2347,MUTIARA BIRU BISTRO
2348,RESTORAN RAHMAT
2349,RESTORAN AR ROBAH
2350,RESTORAN  ANJUNG SERI BERA
2351,RESTORAN ASZ
2352,RESTORAN GULAI KAMPUNG
2353,RESTORAN MADEENA BISTRO
2354,RESTORAN AH FATT CHAY
2355,KEDAI MAKAN LOONG KEE
2356,PASAR TAMAN KAYA ( TAIPING)
2357,99 SPEED MART SDN BHD ( TAMAN PEKAN BARU )
2358,PANTAI TIMOR MART SDN BHD ( KOTA BHARU)
2359,SALAMKU RETAIL SDN BHD (BACHOK)
2360,RESTORAN SOON LEE
2361,KEDAI MAKAN YAN
2362,RESTORAN KHALIFFA
2363,RESTORAN BERKAT
2364,RESTORAN SELERA KEPALA BUKIT
2365,HOME-U (M) SDN BHD (BACHOK)
2366,CITARASA FARTISHA
2367,PANTAI TIMUR MART K.BADAK
2368,PANTAI TIMOR MART SDN BHD (TAMAN UDA MURNI)
2369,PANTAI TIMUR MART SDN BHD (PANJI)
2370,PASARAYA PKT
2371,RA DESA MART
2372,PASARAYA U-SHOP
2373,ECONMART BUKIT BUNGA
2374,GERAI MAKANAN DAN MINUMAN (HAMDIZA BINTI MUHAMMAD)
2375,MINI STOP TRADING CO.
2376,CHOP SIN SIANG ANN
2377,CHOP MUI HENG ( BEKENU)
2378,DAHLIANA CAFE
2379,RESTORAN EHSAN JAYA
2380,RESTORAN WARUNG KAMPUNGKU
2381,MOHAMMAD KHAIRUL HASIF BIN AMRAN
2382,NKDP ENTERPRISE
2383,WARUNG RAJA SELERO DUSUN DAMAR
2384,WARUNG SELERA KAMPUNG
2385,KEDAI UMI POKOK CHEREE
2386,KAK AAH ENTERPRISE
2387,ADAM CAFE
2388,KEDAI RUNCIT BISMI
2389,SEGI FRESH PUTRAJAYA PRESINT 15
2390,PASARAYA PANTAI SELAMAT (PERAMU) SDN BHD
2391,PASAR MINI REZEKI
2392,FOOD COURT AEON CHERAS SELATAN
2393,FOOD COURT TESCO SEMENYIH
2394,MEDAN SELERA SG KANTAN
2395,HAPPY HAPPY CAFE
2396,RESTORAN IBRAHIM MAJU
2397,RESTORAN REST 1
2398,RESTORAN SAJIAN SEDAP
2399,RESTORAN SINGGAHSANA
2400,RESTORAN XIN SOON LAI
2401,GERAI CIK NORLIA
2402,RESTORAN JAMAL MOHAMED
2403,JIA SIANG ENTERPRISE
2404,RESTORAN SAYANG SALHAH
2405,RESTORAN SYED ABU KOTA DAMANSARA
2406,TANJUNG VILLAGE FOOD COURT
2407,RESTORAN DU CAFE
2408,MEDAN SELERA TESCO MUTIARA DAMANSARA
2409,VILLAGE GROCER (AVENUE K)
2410,KAFE 63 ( KGK GLOBAL ENTERPRISE )
2411,FAZLINA MAJU BISTRO SDN BHD
2412,RESTORAN SULAIMEN
2413,2218 KOPITIAM
2414,KEDAI KOPI YEW KEE
2415,RADZIAH ENTERPRISE
2416,1 MALAYSIA CAFE
2417,RESTORAN SBRJ
2418,RESTORAN PELITA SAMUDERA JALAN AMPANG
2419,RESTORAN ABM MAJU
2420,RESTORAN NORINA 69
2421,RESTORAN AZZAHRA
2422,RESTORAN AL-AMMAL MAJU
2423,RESTORAN PELITA SAMUDERA BANGSAR
2424,RESTORAN ADIK CORNER
2425,RESTORAN HAJI SHAHUL
2426,RESTORAN PELITA SAMUDRA SRI HARTAMAS
2427,KOPITIAM GOOD VIEW
2428,RESTORAN AMEER EHSAN
2429,FOOD COURT UTC KERAMAT MALL
2430,MEDAN SELERA JALAN CHOW KIT
2431,RESTORAN D'CHOW KIT
2432,MEDAN SELERA COCHRANE
2433,FOOD EMPIRE ( MYTOWN )
2434,MEDAN SELERA MENARA PGRM
2435,RESTORAN NURIN FOOD CORNER
2436,RESTORAN JIA XIANG RECIPE
2437,RESTORAN NIKHMAN BISTRO
2438,KOPITIAM WENG HENG
2439,MEDAN SELERA D'REJANG
2440,RESTORAN FAREED
2441,RESTORAN NEW SOON LY
2442,MEDAN SELERA TAMAN SETIAWANGSA
2443,RESTORAN HASLAM
2444,HAWKER CENTRE AT MENARA TM
2445,RESTORAN SENTOSA JAYA
2446,SING SIANG HUAT RESTAURANT
2447,RESTORAN WENG KEI
2448,FOON LOK RESTAURANT
2449,WARUNG ARSHAD
2450,SING KEE KITCHEN
2451,RESTORAN D'ANISSA
2452,SYARIKAT WARIS BUKIT
2453,BABA DONA SUPERMART
2454,PASAR MINI GO FRESH MARKET
2455,SBA CORNER
2456,PASARAYA SHAKRI CAWANGAN JABI
2457,WONDERFUL SUPERMARKET (BM) SDN BHD
2458,NUR JULIA MART
2459,C & Y LEE TRADING
2460,ECONSAVE CASH & CARRY (KUBANG KERIAN) SDN.BHD
2461,KEDAI MAKAN KAK NAH
2462,BOSS SEAFOOD CORNER
2463,TF VALUEMART KUALA KANGSAR
2464,RESTORAN AL-SAKIN
2465,RESTORAN ALI & AZAI
2466,RESTORAN HOY YUAN SEAFOOD
2467,RESTORAN CHIN HOR CHIAK
2468,MEDAN SELERA PASAR SELAYANG BARU
2469,MEDAN SELERA GREENWOOD
2470,EMPIRE FOOD COURT MELAWATI MALL
2471,FOOD COURT GIANT TAMAN PERMATA
2472,RESTORAN AL-MASHUR
2473,CENDOL PULAU SEBANG
2474,MEDAN SELERA NO.5 LING
2475,PASAR HOSEY SDN BHD
2476,HOMETOWN SWEET RESTAURANT
2477,HO CHAK KOPITIAM
2478,PASAR EKONOMI SINARAN CERIA
2479,JIMAT JIMAT FRESH @ FROZEN MART SDN BHD
2480,MYDIN SUNGAI PETANI
2481,RESTORAN NUR IMAN
2482,FARIDABI NORTHERN STORE (QAIREEN)
2483,TF VALUE MART SDN BHD
2484,99 SPEEDMART SDN BHD
2485,RESTORAN SRI KENYALANG
2486,NURI MART
2487,SERVAY JAYA KUNAK S/B
2488,PASAR AWAM PORT DICKSON
2489,ONE AMIRUL HYPERRUNCIT
2490,KEDAI RUNCIT NASHIYA
2491,PASAR MINI PASARAYA MAJEED
2492,99 SPEEDMART (KL HAPPY GARDEN)
2493,PASARAYA TMG EXPRESS (FORTUNE AVENUE)
2494,MIZAUNI ENTERPRISE
2495,JOM MAKANG SABASUN
2496,MERCATO (PAVILION)
2497,PASARAYA BORONG BIG
2498,EMART FOODCOURT
2499,DE MAKAN BISTRO
2500,RESTORAN ADILY
2501,CKS HYPERMARKET TUARAN
2502,RESTORAN SELERA CANGGIH
2503,STAR MINI MART (GELANG PATAH)
2504,AEON MAXVALU THE PRIME (SPHERE BANGSAR SOUTH )
2505,FOH HING LOONG
2506,ZEMART BAHAU
2507,PXR Bukit Tunggal
2508,STHAMIN SUPERMARKET KUNAK
2509,BATARAS HYPERMARKET TAWAU
2510,REZEKI MINI MART
2511,C'FU TOMYAM & SEAFOOD
2512,M.IZZA V.G.C
2513,RESTORAN AL NAFISAH
2514,KEDAI RESEPI IBU
2515,PASAR KAMPUNG TAWAS
2516,TF VALUE MART TAMBUN
2517,ECONSAVE BOTANI VILLAGE
2518,MYDIN RTC GOPENG
2519,TF VALUE MART TAMAN MELOR
2520,PASARAYA SEGI FRESH
2521,99 SPEEDMART SUNGKAI PERDANA
2522,LJ SUPERMARKET
2523,BESHI MART MINI MARKET
2524,RAMAI RAMAI SDN BHD (IPEAK)
2525,STHAMIN SUPERMARKET
2526,MG COOPMART KUALA TERENGGANU
2527,TMG KUALA NERUS
2528,PASAR BUKIT TUNGGAL
2529,TERMINAL CAFE & CATERING
2530,PITAS RESTAURANT SEAFOOD
2531,STHAMIN CAFE
2532,PASAR SUNTEX
2533,GIANT SUPERSTORE PRIMA SAUJANA
2534,PASAR AWAM RASA (RASA MARKET)
2535,BS FRESHMART PETALING JAYA
2536,LOTUS'S STORES BUKIT BERUNTUNG
2537,SEGI CASH & CARRY BUKIT SENTOSA
2538,SEGI CASH & CARRY TAMAN TANJAK
2539,RESTORAN ABMH 1
2540,FRESH & PAY DESA WIRA
2541,MYDIN MALL TUNJONG
2542,EMART SUMMERMALL
2543,BS SUPERMART SDN BHD KOTA SENTOSA
2544,NASI CAMPUR ANA
2545,PASARAYA TUNAS MANJA BENTONG
2546,KUMPULAN PASARAYA PANTAI TIMUR SDN. BHD RAUB
2547,BS FRESHMART RAUB
2548,BENTONG SEGAR ENTERPRISE
2549,PASARAYA LYC SEBERANG TEMERLOH
2550,PACIFIC MENTAKAB
2551,PASARAYA LYC TAMAN BUKIT BENDERA
2552,PASARAYA ECONSAVE
2553,PASAR MINI PANJANG
2554,PERNIAGAAN AKAK
2555,PASARAYA DARUL MAKMUR (MUADZAM SHAH)
2556,SYARIKAT PERNIAGAAN BEE HUAT
2557,PASARAYA FRESH CHOICE PEKAN
2558,BS FRESHMART PEKAN (PERAMU)
2559,TUNAS MANJA SUPERMARKET (KETAPANG) SDN. BHD
2560,PASARAYA BS FRESH MART
2561,PASARAYA MUKMIN MART
2562,Chin Kim Sang Trading
2563,PASAR BASAH KAMPUNG PERAMU
2564,TMG TANJUNG LUMPUR
2565,PASARAYA ECONSAVE JERANTUT
2566,PASARAYA DARUL MAKMUR JERANTUT
2567,Pasaraya LYC Sdn Bhd Batu 9 Jln Gambang
2568,HYPERMARKET LOTUS SDN BHD
2569,PASARAYA NIRWANA MAJU (BATU PAHAT) SDN BHD
2570,MR GROCER
2571,HOE SOON MINI MARKET
2572,PASARAYA JOMPA GROCER
2573,PASARAYA BEYOND
2574,VALUE MEGASTORE (KT) SDN BHD
2575,PASARAYA LYC SDN BHD (KEMUNTING)
2576,TARGET SUPERMARKET (PONTIAN) SDN. BHD.
2577,ECONSAVE CASH & CARRY JERAM BATU
2578,DF FRESH MART
2579,BS FRESHMART MERSING
2580,MARI-MARI SUPERMARKET
2581,HWA THAI SUPERMART
2582,BIG 10 GROCER
2583,KEDAI RUNCIT MOHAMAD SABRI OTHMAN
2584,ECONSAVE SIMPANG RENGGAM
2585,TARGET SUPERMARKET (SRI KLUANG) SDN. BHD.
2586,PASAR MINI SITI HAWANI
2587,WAHID GREENMART
2588,KEDAI RUNCIT NASHI
2589,YSL FRESH MART
2590,PASARAYA MEGA
2591,NSK TRADE CITY (MELAKA) SDN BHD
2592,REDTICK SUPERMARKET (SHAFTBURY) SDN. BHD.
2593,MYDIN HYPERMARKET TAMAN RINTING
2594,MASLEE EXPRESS KEMPAS
2595,PASARAYA TF VALUE MART MUAR
2596,PASARAYA ECONSAVE BAKRI MUAR
2597,PASARAYA ECONSAVE BUKIT GAMBIR
2598,PASARAYA TARGET BUKIT BAKRI MUAR
2599,NSK TRADE CITY SDN BHD
2600,"PASARAYA MEGA, NAFAS MALL"
2601,SEGI FRESH SEKSYEN 23
2602,ALI SHOPPING CENTRE SDN BHD
2603,99 SPEEDMART SEKSYEN 23
2604,KEDAI RUNCIT FRESH MART
2605,KEDAI RUNCIT RFW MAJU NIAGA
2606,STAR GROCER SEMAMBU
2607,LYC IM 3
2608,PASARAYA PDM BUKIT SETONGKOL
2609,PASARAYA JAYA GADING BALOK
2610,PASARAYA LYC BT 9
2611,PASAR BASAH TAMAN TAS
2612,PASAR BASAH BESAR JAYA GADING
2613,PASARAYA MEGAH DENGKIL
2614,TMG MART 16
2615,PASARAYA LYC JLN STADIUM
2616,PASAR AWAM SRI BANDAR
2617,PASAR AWAM SRI UDA
2618,PASAR AWAM TAMAN BAGAN
2619,JIMAT-JIMAT FRESH & FROZEN MART (BESERI)
2620,BORONG DIN AS CASH & CARRY (JEJAWI)
2621,PASARAYA JMART (SERIAB)
2622,PASARAYA ECO JIMAT (BUKIT KETERI)
2623,BORONG DIN AS CASH & CARRY (JLN PDG BEHOR)
2624,ISHAH BINTONG (REPOH)
2625,KEDAI RUNCIT HJ. IBRAHIM
2626,79 FRESH MART SDN BHD
2627,G.L.R STORE
2628,SYYL ECONOMY MARKET
2629,PASARAYA YOU SAVE (LGK) SDN. BHD.
2630,FRESH MART (JLN TOH SYAHBAND) SDN BHD
2631,AGRO BAZAR RAKYAT
2632,PASAR OTHMAN BIN OMAR
2633,PASAR BESAR CHIKU 3
2634,MY FARM OUTLET CHENDERING
2635,PASARAYA Q MART BUKIT BAYAS
2636,TMG CHENDERING
2637,PASARAYA RIA MART KG. LAUT
2638,PACIFIC HYPERMARKET
2639,YOON HIN JAYA ENTERPRISE BATAS BARU
2640,YEEMART RETAIL PLT
2641,TF VALUE MART ALOR SETAR
2642,MATT MART KG. RAJA
2643,MUSLIM MESRA MART (HQ)
2644,AGRO BAZAAR RAZALI GELUGOR
2645,XR MART GONG BADAK
2646,RA TUNGGAL MART
2647,YOON HIN JAYA ENTERPRISE 2 BATU 6
2648,PERMATA TRADING MANIR
2649,TRELEAF MART HULU TAKIR
2650,PERNIAGAAN MOHD IZZATULLAH MINI MARKET
2651,KEDAI IKAN SEGAR AWOK KITA
2652,GEMILANG SPEED MART PANJI ALAM
2653,TRELEAF MART PERMINT JAYA CHENDERING
2654,TRELEAF MART KG. LAUT
2655,TRELEAF MART BANDAR
2656,DAILY MEETING MART
2657,NEW DONGGONGON FRESH MART'S
2658,PASAR TELUK KETAPANG
2659,THE STORE PLAZA PAYA BUNGA
2660,GOH JOO HAK TRADING SDN BHD
2661,KIM HOCK SUPERMARKET MUKAH
2662,PANTAI TIMUR JELAWAT
2663,D MIEZA SOLUTION
2664,TY PASARAYA
2665,ECONSAVE TAMAN TERATAI
2666,STAR GROCER SDN BHD
2667,PASARAYA DTT
2668,PASAR MINI GOOD DAY
2669,EVERWIN CENTRE SDN BHD SEMARIANG
2670,FARLEY KUCHING
2671,H&L XTRA (ECO MALL PETRAJAYA)
2672,NEW WORLD GROCER (MOYAN SQUARE)
2673,G MART GROCER
2674,SOON HIN PELAM ECONOMICALMARKET
2675,BS FRESHMART
2676,KITAI MART SDN BHD
2677,PASAR SERBANEKA KELUARGA KAPIT SDN BHD
2678,TECH HUA CHAM
2679,CCK FRESH MART SDN BHD
2680,JOHAN FRESH FROZEN
2681,ECONSAVE TANJUNG
2682,VILLAGE GROCER ( DESA PARK ARKADIA )
2683,TARGET GRAND SUPERMARKET (PERDANA) KLUANG PARKLAND
2684,PASARAYA JAYA GROCER SEKSYEN 14
2685,NUTRIBEST FRESHMART SDN BHD
2686,PASAR AWAM TAMAN KOTA JAYA
2687,BF FRESH SUPPLY SDN BHD
2688,BS FRESHMART MUADZAM SHAH
2689,PASARAYA WAN MIE
2690,PASARAYA AL- MADEENA
2691,PASARAYA INTAN
2692,AZHAR & FAMILY FRESHMART
2693,PASARAYA MINI ECONSAVE
2694,XR MART BANDAR
