district,state
Johor Bahru,Johor
Pontian,Johor
Mersing,Johor
Kota Tinggi,Johor
Ledang,Johor
Batu Pahat,Johor
Tangkak,Johor
Muar,Johor
Kluang,Johor
Segamat,Johor
Yan,Kedah
Kulim,Kedah
Kubang Pasu,Kedah
Baling,Kedah
Padang Terap,Kedah
Pendang,Kedah
Pokok Sena,Kedah
Sik,Kedah
Kuala Muda,Kedah
Langkawi,Kedah
Kota Setar,Kedah
Tumpat,Kelantan
Machang,Kelantan
Lojing,Kelantan
Dabong,Kelantan
Pasir Mas,Kelantan
Jeli,Kelantan
Kuala Krai,Kelantan
Kota Bharu,Kelantan
Bachok,Kelantan
Pasir Puteh,Kelantan
Gua Musang,Kelantan
Tanah Merah,Kelantan
Alor Gajah,Melaka
Melaka Tengah,Melaka
Jasin,Melaka
Johol,Negeri Sembilan
Rembau,Negeri Sembilan
Tampin,Negeri Sembilan
Port Dickson,Negeri Sembilan
Seremban,Negeri Sembilan
Bahau,Negeri Sembilan
Kuala Pilah,Negeri Sembilan
Rompin,Negeri Sembilan
Gemas,Negeri Sembilan
Jelebu,Negeri Sembilan
Temerloh,Pahang
Lipis,Pahang
Raub,Pahang
Bentong,Pahang
Kuantan,Pahang
Maran,Pahang
Jerantut,Pahang
Cameron Highlands,Pahang
Bera,Pahang
Pekan,Pahang
Parit Buntar,Perak
Gerik,Perak
Manjung,Perak
Tapah,Perak
Kampar,Perak
Hilir Perak,Perak
Bagan Datuk,Perak
Perak Tengah,Perak
Kinta,Perak
Hulu Perak,Perak
"Larut, Matang & Selama",Perak
Muallim,Perak
Kerian,Perak
Batang Padang,Perak
Kuala Kangsar,Perak
Kangar,Perlis
Padang Besar,Perlis
Arau,Perlis
Timur Laut,Pulau Pinang
Barat Daya,Pulau Pinang
Seberang Perai Selatan,Pulau Pinang
Seberang Perai Utara,Pulau Pinang
Seberang Perai Tengah,Pulau Pinang
Kunak,Sabah
Kudat,Sabah
Ranau,Sabah
Tambunan,Sabah
Sipitang,Sabah
Tenom,Sabah
Beaufort,Sabah
Tamparuli,Sabah
Keningau,Sabah
Kuala Penyu,Sabah
Pitas,Sabah
Lahad Datu,Sabah
Nabawan,Sabah
Tuaran,Sabah
Sandakan,Sabah
Kota Belud,Sabah
Kimanis,Sabah
Tawau,Sabah
Kota Kinabalu,Sabah
Papar,Sabah
Penampang,Sabah
Putatan,Sabah
Semporna,Sabah
Kalabakan,Sabah
Kota Marudu,Sabah
Dalat,Sarawak
Pakan,Sarawak
Sebauh,Sarawak
Lubok Antu,Sarawak
Balingian,Sarawak
Tanjung Manis,Sarawak
Bekenu,Sarawak
Miri,Sarawak
Betong,Sarawak
Kota Samarahan,Sarawak
Bau,Sarawak
Engkelili,Sarawak
Kota Padawan,Sarawak
Bintulu,Sarawak
Selangau,Sarawak
Mukah,Sarawak
Marudi,Sarawak
Batu Niah,Sarawak
Tatau,Sarawak
Belaga,Sarawak
Lawas,Sarawak
Sibu,Sarawak
Limbang,Sarawak
Kuching,Sarawak
Serian,Sarawak
Lundu,Sarawak
Saratok,Sarawak
Kapit,Sarawak
Julau,Sarawak
Song,Sarawak
Kanowit,Sarawak
Sibujaya,Sarawak
Meradong,Sarawak
Sarikei,Sarawak
Sri Aman,Sarawak
Kuala Langat,Selangor
Petaling Jaya,Selangor
Petaling,Selangor
Hulu Selangor,Selangor
Sepang,Selangor
Hulu Langat,Selangor
Sabak Bernam,Selangor
Klang,Selangor
Rawang,Selangor
Gombak,Selangor
Kuala Selangor,Selangor
Besut,Terengganu
Dungun,Terengganu
Kuala Nerus,Terengganu
Kuala Terengganu,Terengganu
Marang,Terengganu
Kemaman,Terengganu
Setiu,Terengganu
Hulu Terengganu,Terengganu
Lembah Pantai,W.P. Kuala Lumpur
Setiawangsa,W.P. Kuala Lumpur
Cheras,W.P. Kuala Lumpur
Batu,W.P. Kuala Lumpur
Segambut,W.P. Kuala Lumpur
Titiwangsa,W.P. Kuala Lumpur
Bandar Tun Razak,W.P. Kuala Lumpur
Bukit Bintang,W.P. Kuala Lumpur
Wangsa Maju,W.P. Kuala Lumpur
Kepong,W.P. Kuala Lumpur
Seputeh,W.P. Kuala Lumpur
Kawasan Luar Bandar,W.P. Labuan
Kawasan Bandar,W.P. Labuan
Wp Putrajaya,W.P. Putrajaya
Cyberjaya,W.P. Putrajaya
